Userid,Rating,Date,Date2,Date3,Date4,Date5,Date6
6488,4_____,2005-02-05,____-__-__,____-__-__,____-__-__,____-__-__,____-__-__
7652,__5___,____-__-__,____-__-__,2004-08-23,____-__-__,____-__-__,____-__-__
8388,__5___,____-__-__,____-__-__,2005-08-15,____-__-__,____-__-__,____-__-__
14265,__55__,____-__-__,____-__-__,2005-11-01,2005-10-21,____-__-__,____-__-__
14301,__5___,____-__-__,____-__-__,2004-10-16,____-__-__,____-__-__,____-__-__
15027,__5___,____-__-__,____-__-__,2004-09-06,____-__-__,____-__-__,____-__-__
18078,__4___,____-__-__,____-__-__,2004-10-06,____-__-__,____-__-__,____-__-__
19006,__5___,____-__-__,____-__-__,2005-09-02,____-__-__,____-__-__,____-__-__
20461,4_4___,2005-03-24,____-__-__,2005-08-01,____-__-__,____-__-__,____-__-__
27608,__5___,____-__-__,____-__-__,2005-09-11,____-__-__,____-__-__,____-__-__
28878,__5___,____-__-__,____-__-__,2005-12-16,____-__-__,____-__-__,____-__-__
29706,353___,2004-04-30,2005-03-21,2005-06-14,____-__-__,____-__-__,____-__-__
31560,__1___,____-__-__,____-__-__,2004-08-08,____-__-__,____-__-__,____-__-__
32243,_5____,____-__-__,2004-10-08,____-__-__,____-__-__,____-__-__,____-__-__
33001,__5___,____-__-__,____-__-__,2005-11-11,____-__-__,____-__-__,____-__-__
33969,2___3_,2004-08-24,____-__-__,____-__-__,____-__-__,2004-06-07,____-__-__
36136,__5___,____-__-__,____-__-__,2004-07-30,____-__-__,____-__-__,____-__-__
46285,_____3,____-__-__,____-__-__,____-__-__,____-__-__,____-__-__,2005-08-13
49037,__2___,____-__-__,____-__-__,2004-11-16,____-__-__,____-__-__,____-__-__
59100,4_4___,2004-04-22,____-__-__,____-__-__,____-__-__,____-__-__,____-__-__
65926,5_____,2004-07-20,____-__-__,____-__-__,____-__-__,____-__-__,____-__-__
70825,____5_,____-__-__,____-__-__,____-__-__,____-__-__,2005-09-07,____-__-__
72299,2_____,2004-09-26,____-__-__,____-__-__,____-__-__,____-__-__,____-__-__
73142,____3_,____-__-__,____-__-__,____-__-__,____-__-__,2004-07-02,____-__-__
73858,_5____,____-__-__,2004-07-19,____-__-__,____-__-__,____-__-__,____-__-__
75640,3__33_,2003-03-26,____-__-__,____-__-__,2004-03-24,2004-02-11,____-__-__
77474,_4____,____-__-__,2005-03-05,____-__-__,____-__-__,____-__-__,____-__-__
81922,__5___,____-__-__,____-__-__,2004-05-12,____-__-__,____-__-__,____-__-__
82065,__4___,____-__-__,____-__-__,2004-01-22,____-__-__,____-__-__,____-__-__
82375,__3___,____-__-__,____-__-__,2005-02-14,____-__-__,____-__-__,____-__-__
82601,__5___,____-__-__,____-__-__,2004-03-22,____-__-__,____-__-__,____-__-__
88892,__4___,____-__-__,____-__-__,2004-05-01,____-__-__,____-__-__,____-__-__
93377,__3___,____-__-__,____-__-__,2005-10-11,____-__-__,____-__-__,____-__-__
99847,345332,2003-11-29,2005-08-04,2005-01-28,2004-03-03,2005-03-17,2004-11-16
105647,__3___,____-__-__,____-__-__,2004-11-05,____-__-__,____-__-__,____-__-__
109389,_____4,____-__-__,____-__-__,____-__-__,____-__-__,____-__-__,2004-04-22
111696,__5___,____-__-__,____-__-__,2003-11-21,____-__-__,____-__-__,____-__-__
117368,34_3_4,2004-05-01,2004-02-07,____-__-__,2004-12-06,____-__-__,2004-07-20
121330,__4___,____-__-__,____-__-__,2004-03-01,____-__-__,____-__-__,____-__-__
121921,__3___,____-__-__,____-__-__,2004-04-18,____-__-__,____-__-__,____-__-__
123716,2_423_,2004-04-10,____-__-__,2005-01-25,2003-11-21,2005-04-27,____-__-__
127008,__5___,____-__-__,____-__-__,2004-11-21,____-__-__,____-__-__,____-__-__
131257,_____5,____-__-__,____-__-__,____-__-__,____-__-__,____-__-__,2005-09-07
136918,_____4,____-__-__,____-__-__,____-__-__,____-__-__,____-__-__,2004-09-26
138354,2_____,2004-04-11,____-__-__,____-__-__,____-__-__,____-__-__,____-__-__
139724,__5___,____-__-__,____-__-__,2004-12-31,____-__-__,____-__-__,____-__-__
142492,3_4_3_,2004-08-12,____-__-__,2003-12-19,____-__-__,2004-12-16,____-__-__
143416,__5___,____-__-__,____-__-__,2005-08-29,____-__-__,____-__-__,____-__-__
146088,3_____,2004-02-13,____-__-__,____-__-__,____-__-__,____-__-__,____-__-__
146755,__3___,____-__-__,____-__-__,2004-10-25,____-__-__,____-__-__,____-__-__
152958,3_5545,2005-05-17,____-__-__,2005-08-15,2005-04-04,2004-03-10,2004-07-02
155244,__3___,____-__-__,____-__-__,2005-10-19,____-__-__,____-__-__,____-__-__
156529,__5___,____-__-__,____-__-__,2005-10-15,____-__-__,____-__-__,____-__-__
157667,_1____,____-__-__,2005-03-07,____-__-__,____-__-__,____-__-__,____-__-__
163069,__5___,____-__-__,____-__-__,2004-05-03,____-__-__,____-__-__,____-__-__
163896,__4___,____-__-__,____-__-__,2004-01-06,____-__-__,____-__-__,____-__-__
166043,3_____,2004-03-01,____-__-__,____-__-__,____-__-__,____-__-__,____-__-__
167484,3_534_,2004-07-27,____-__-__,2004-03-12,2004-03-17,2004-03-15,____-__-__
170109,____2_,____-__-__,____-__-__,____-__-__,____-__-__,2004-04-12,____-__-__
175528,_1____,____-__-__,2004-08-29,____-__-__,____-__-__,____-__-__,____-__-__
180823,__4___,____-__-__,____-__-__,2005-09-17,____-__-__,____-__-__,____-__-__
180987,__54__,____-__-__,____-__-__,2004-07-29,2005-08-15,____-__-__,____-__-__
181713,3_3___,2005-09-26,____-__-__,2005-09-21,____-__-__,____-__-__,____-__-__
182317,__5___,____-__-__,____-__-__,2004-09-07,____-__-__,____-__-__,____-__-__
182960,__2___,____-__-__,____-__-__,2004-05-01,____-__-__,____-__-__,____-__-__
185283,___323,____-__-__,____-__-__,____-__-__,2005-02-13,2005-04-04,2004-07-19
187114,__5___,____-__-__,____-__-__,2004-07-23,____-__-__,____-__-__,____-__-__
190478,__3__3,____-__-__,____-__-__,2004-04-11,____-__-__,____-__-__,2005-12-18
195561,35__5_,2005-11-19,2005-10-23,____-__-__,____-__-__,2004-11-13,____-__-__
198420,__5___,____-__-__,____-__-__,2005-04-06,____-__-__,____-__-__,____-__-__
198630,3_____,2004-02-09,____-__-__,____-__-__,____-__-__,____-__-__,____-__-__
200126,__5___,____-__-__,____-__-__,2004-10-26,____-__-__,____-__-__,____-__-__
202692,____4_,____-__-__,____-__-__,____-__-__,____-__-__,2004-12-14,____-__-__
203212,_____3,____-__-__,____-__-__,____-__-__,____-__-__,____-__-__,2005-03-05
207725,__4___,____-__-__,____-__-__,2004-04-08,____-__-__,____-__-__,____-__-__
210161,1_____,2004-07-28,____-__-__,____-__-__,____-__-__,____-__-__,____-__-__
213651,_____3,____-__-__,____-__-__,____-__-__,____-__-__,____-__-__,2004-05-12
214247,__5___,____-__-__,____-__-__,2004-02-19,____-__-__,____-__-__,____-__-__
214907,__4___,____-__-__,____-__-__,2005-06-07,____-__-__,____-__-__,____-__-__
217082,__4___,____-__-__,____-__-__,2005-08-15,____-__-__,____-__-__,____-__-__
217305,3_543_,2005-02-15,____-__-__,2004-05-24,2005-10-12,2004-12-0,____-__-__
222597,__5___,____-__-__,____-__-__,2004-08-24,____-__-__,____-__-__,____-__-__
224115,__3___,____-__-__,____-__-__,2004-01-20,____-__-__,____-__-__,____-__-__
230112,_1____,____-__-__,2005-08-15,____-__-__,____-__-__,____-__-__,____-__-__
231863,3_____,2004-03-31,____-__-__,____-__-__,____-__-__,____-__-__,____-__-__
236481,_____3,____-__-__,____-__-__,____-__-__,____-__-__,____-__-__,2004-01-22
239421,1_____,2005-09-12,____-__-__,____-__-__,____-__-__,____-__-__,____-__-__
240694,___4__,____-__-__,____-__-__,____-__-__,2004-05-14,____-__-__,____-__-__
241766,___23_,____-__-__,____-__-__,____-__-__,2005-08-29,2005-07-25,____-__-__
244266,__4___,____-__-__,____-__-__,2004-08-22,____-__-__,____-__-__,____-__-__
247241,3_____,2005-04-30,____-__-__,____-__-__,____-__-__,____-__-__,____-__-__
250565,3_____,2004-12-20,____-__-__,____-__-__,____-__-__,____-__-__,____-__-__
254788,2_____,2005-06-16,____-__-__,____-__-__,____-__-__,____-__-__,____-__-__
254905,__4___,____-__-__,____-__-__,2005-02-06,____-__-__,____-__-__,____-__-__
255378,___5_5,____-__-__,____-__-__,____-__-__,2005-08-05,____-__-__,2005-02-14
263146,_5____,____-__-__,2004-07-07,____-__-__,____-__-__,____-__-__,____-__-__
266062,4_____,2004-04-29,____-__-__,____-__-__,____-__-__,____-__-__,____-__-__
267360,_3__2_,____-__-__,2005-10-13,____-__-__,____-__-__,2005-04-17,____-__-__
267910,_4____,____-__-__,2005-03-02,____-__-__,____-__-__,____-__-__,____-__-__
271503,__3___,____-__-__,____-__-__,2005-01-19,____-__-__,____-__-__,____-__-__
272264,3_4___,2005-01-06,____-__-__,____-__-__,2004-11-09,____-__-__,____-__-__
273882,_____4,____-__-__,____-__-__,____-__-__,____-__-__,____-__-__,2004-03-22
274313,__5___,____-__-__,____-__-__,2003-12-10,____-__-__,____-__-__,____-__-__
283364,__5__5,____-__-__,____-__-__,2005-12-22,____-__-__,____-__-__,2004-05-01
284660,5__5_5,2004-12-01,____-__-__,____-__-__,2005-10-23,____-__-__,2005-10-11
292335,23433_,2005-09-20,2004-02-02,2004-02-09,2004-05-26,2004-04-29,____-__-__
294105,_54___,____-__-__,2004-07-22,2005-05-03,____-__-__,____-__-__,____-__-__
294105,__4___,____-__-__,____-__-__,2005-05-03,____-__-__,____-__-__,____-__-__
304146,_3____,____-__-__,2004-08-09,____-__-__,____-__-__,____-__-__,____-__-__
305103,5__45_,2004-03-10,____-__-__,____-__-__,2004-02-16,2004-03-14,____-__-__
305344,211111,2005-02-09,2004-12-23,2003-12-02,2004-11-23,2004-03-06,2003-11-29
312081,__4___,____-__-__,____-__-__,2005-10-11,____-__-__,____-__-__,____-__-__
319119,__5___,____-__-__,____-__-__,2005-08-06,____-__-__,____-__-__,____-__-__
322178,_____1,____-__-__,____-__-__,____-__-__,____-__-__,____-__-__,2005-08-04
325680,__2___,____-__-__,____-__-__,2004-01-23,____-__-__,____-__-__,____-__-__
325680,____3_,____-__-__,____-__-__,____-__-__,____-__-__,2004-08-17,____-__-__
325964,4_52__,2004-12-07,____-__-__,2004-06-03,2004-05-14,____-__-__,____-__-__
326448,4_43__3,2004-02-02,____-__-__,2004-10-13,2005-10-17,____-__-__,2005-01-28
331084,__5___,____-__-__,____-__-__,2004-07-27,____-__-__,____-__-__,____-__-__
332215,__5___,____-__-__,____-__-__,2005-01-08,____-__-__,____-__-__,____-__-__
332807,_____5,____-__-__,____-__-__,____-__-__,____-__-__,____-__-__,2004-03-03
340106,_____1,____-__-__,____-__-__,____-__-__,____-__-__,____-__-__,2005-03-17
342501,__2___,____-__-__,____-__-__,2004-07-14,____-__-__,____-__-__,____-__-__
349331,__5___,____-__-__,____-__-__,2005-11-30,____-__-__,____-__-__,____-__-__
354805,__2___,____-__-__,____-__-__,2004-12-01,____-__-__,____-__-__,____-__-__
356731,__43__,____-__-__,____-__-__,2005-09-05,2005-07-04,____-__-__,____-__-__
358629,_____3,____-__-__,____-__-__,____-__-__,____-__-__,____-__-__,2004-07-28
360278,4_5___,2005-07-14,____-__-__,2005-09-29,____-__-__,____-__-__,____-__-__
363060,__4___,____-__-__,____-__-__,2005-09-26,____-__-__,____-__-__,____-__-__
364236,__5___,____-__-__,____-__-__,2005-08-28,____-__-__,____-__-__,____-__-__
364366,__1___,____-__-__,____-__-__,2005-11-17,____-__-__,____-__-__,____-__-__
364540,3___4_,2005-04-06,____-__-__,____-__-__,____-__-__,2005-01-20,____-__-__
364901,4_524_,2005-10-14,2005-10-12,____-__-__,2005-10-05,2005-10-12,____-__-__
376631,__3___,____-__-__,____-__-__,2005-09-19,____-__-__,____-__-__,____-__-__
378734,__5__2,____-__-__,____-__-__,2004-10-19,____-__-__,____-__-__,2004-11-05
379356,__4___,____-__-__,____-__-__,2005-12-21,____-__-__,____-__-__,____-__-__
379957,4_____,2004-05-27,____-__-__,____-__-__,____-__-__,____-__-__,____-__-__
380292,__4___,____-__-__,____-__-__,2005-10-11,____-__-__,____-__-__,____-__-__
381477,__4___,____-__-__,____-__-__,2005-12-06,____-__-__,____-__-__,____-__-__
385639,__3__3,____-__-__,____-__-__,2004-10-06,____-__-__,____-__-__,2005-04-25
385900,____3_,____-__-__,____-__-__,____-__-__,____-__-__,2005-04-06,____-__-__
387418,211221,2003-10-13,2004-05-19,2004-07-07,2003-12-30,2003-10-30,2003-11-21
388710,__4___,____-__-__,____-__-__,2005-01-03,____-__-__,____-__-__,____-__-__
391421,__4___,____-__-__,____-__-__,2004-08-09,____-__-__,____-__-__,____-__-__
393676,2_____,2004-03-01,____-__-__,____-__-__,____-__-__,____-__-__,____-__-__
397608,__3___,____-__-__,____-__-__,2004-11-02,____-__-__,____-__-__,____-__-__
401756,_____2,____-__-__,____-__-__,____-__-__,____-__-__,____-__-__,2004-05-01
404998,___3__,____-__-__,____-__-__,____-__-__,2004-07-20,____-__-__,____-__-__
405538,__5___,____-__-__,____-__-__,2005-12-19,____-__-__,____-__-__,____-__-__
408013,____4_,____-__-__,____-__-__,____-__-__,____-__-__,2002-05-31,____-__-__
414246,__55__,____-__-__,____-__-__,2005-11-28,2005-10-31,____-__-__,____-__-__
414976,____2_,____-__-__,____-__-__,____-__-__,____-__-__,2005-11-10,____-__-__
419465,_3____,____-__-__,2005-10-07,____-__-__,____-__-__,____-__-__,____-__-__
427609,_____4,____-__-__,____-__-__,____-__-__,____-__-__,____-__-__,2004-02-07
432110,__5___,____-__-__,____-__-__,2004-09-16,____-__-__,____-__-__,____-__-__
433818,___3__,____-__-__,____-__-__,____-__-__,2005-03-25,____-__-__,____-__-__
437595,__5___,____-__-__,____-__-__,2005-11-28,____-__-__,____-__-__,____-__-__
440003,3_4___,2005-07-08,____-__-__,2005-08-28,____-__-__,____-__-__,____-__-__
441362,4_____,2005-06-18,____-__-__,____-__-__,____-__-__,____-__-__,____-__-__
443193,2_____,2005-09-22,____-__-__,____-__-__,____-__-__,____-__-__,____-__-__
452013,__5___,____-__-__,____-__-__,2005-01-19,____-__-__,____-__-__,____-__-__
455314,4_____,2004-07-17,____-__-__,____-__-__,____-__-__,____-__-__,____-__-__
455428,__5___,____-__-__,____-__-__,2005-07-30,____-__-__,____-__-__,____-__-__
456234,3_____,2005-05-12,____-__-__,____-__-__,____-__-__,____-__-__,____-__-__
457527,13_5_2,2004-12-06,2004-12-06,____-__-__,2004-12-06,____-__-__,2004-12-06
462584,_2____,____-__-__,2005-03-12,____-__-__,____-__-__,____-__-__,____-__-__
465139,__4___,____-__-__,____-__-__,2005-10-01,____-__-__,____-__-__,____-__-__
468670,__4___,____-__-__,____-__-__,2005-10-25,____-__-__,____-__-__,____-__-__
469575,__3___,____-__-__,____-__-__,2004-05-25,____-__-__,____-__-__,____-__-__
475010,_____4,____-__-__,____-__-__,____-__-__,____-__-__,____-__-__,2004-09-27
478176,2_____,2004-07-25,____-__-__,____-__-__,____-__-__,____-__-__,____-__-__
478704,3__1__,2004-02-09,____-__-__,____-__-__,2004-08-30,____-__-__,____-__-__
479413,__5___,____-__-__,____-__-__,2004-08-07,____-__-__,____-__-__,____-__-__
480163,__3___,____-__-__,____-__-__,2005-11-04,____-__-__,____-__-__,____-__-__
481721,4___4_,2005-07-22,____-__-__,____-__-__,____-__-__,2005-10-28,____-__-__
486272,__4___,____-__-__,____-__-__,2005-10-24,____-__-__,____-__-__,____-__-__
487904,__3___,____-__-__,____-__-__,2005-09-20,____-__-__,____-__-__,____-__-__
491531,____1_,____-__-__,____-__-__,____-__-__,____-__-__,2005-07-24,____-__-__
497714,____3_,____-__-__,____-__-__,____-__-__,____-__-__,2004-06-06,____-__-__
498585,__5___,____-__-__,____-__-__,2005-11-10,____-__-__,____-__-__,____-__-__
505624,__5___,____-__-__,____-__-__,2005-11-28,____-__-__,____-__-__,____-__-__
508042,355___,2004-11-21,2005-07-16,2005-09-15,____-__-__,____-__-__,____-__-__
515980,__3___,____-__-__,____-__-__,2004-10-21,____-__-__,____-__-__,____-__-__
516556,___1__,____-__-__,____-__-__,____-__-__,2005-06-19,____-__-__,____-__-__
517335,__3___,____-__-__,____-__-__,2004-07-21,____-__-__,____-__-__,____-__-__
529076,__5___,____-__-__,____-__-__,2004-07-12,____-__-__,____-__-__,____-__-__
529849,__5___,____-__-__,____-__-__,2004-08-16,____-__-__,____-__-__,____-__-__
533527,_____2,____-__-__,____-__-__,____-__-__,____-__-__,____-__-__,2004-03-01
536513,____5_,____-__-__,____-__-__,____-__-__,____-__-__,2003-09-12,____-__-__
536910,__5___,____-__-__,____-__-__,2004-10-28,____-__-__,____-__-__,____-__-__
539955,24_333,2004-04-18,2005-01-06,____-__-__,2005-01-06,2005-01-06,2004-04-18
541165,__3___,____-__-__,____-__-__,2004-11-02,____-__-__,____-__-__,____-__-__
541956,2__4_4,2004-07-05,____-__-__,____-__-__,2004-07-05,____-__-__,2004-07-05
544084,__3___,____-__-__,____-__-__,2005-09-24,____-__-__,____-__-__,____-__-__
545318,4_____,2005-08-22,____-__-__,____-__-__,____-__-__,____-__-__,____-__-__
553082,5_5345,2004-12-08,____-__-__,2004-12-08,2005-01-05,2004-12-08,2005-01-25
561177,4_____,2004-11-23,____-__-__,____-__-__,____-__-__,____-__-__,____-__-__
561733,__5___,____-__-__,____-__-__,2005-01-09,____-__-__,____-__-__,____-__-__
564016,__3___,____-__-__,____-__-__,2005-10-04,____-__-__,____-__-__,____-__-__
572481,2121_1,2004-06-14,2004-05-19,2004-08-17,2004-01-05,____-__-__,2003-11-21
574452,2_____,2003-09-03,____-__-__,____-__-__,____-__-__,____-__-__,____-__-__
578848,5_54__,2004-05-14,____-__-__,2004-07-06,2004-06-08,____-__-__,____-__-__
578848,__5___,____-__-__,____-__-__,2004-07-06,2004-06-08,____-__-__,____-__-__
579631,_____4,____-__-__,____-__-__,____-__-__,____-__-__,____-__-__,2005-04-27
585565,4_____,2005-05-12,____-__-__,____-__-__,____-__-__,____-__-__,____-__-__
588285,____1_,____-__-__,____-__-__,____-__-__,____-__-__,2005-10-31,____-__-__
588936,__3___,____-__-__,____-__-__,2004-11-15,____-__-__,____-__-__,____-__-__
591098,__4___,____-__-__,____-__-__,2005-08-17,____-__-__,____-__-__,____-__-__
591195,__4___,____-__-__,____-__-__,2004-06-28,____-__-__,____-__-__,____-__-__
592094,__5___,____-__-__,____-__-__,2005-10-25,____-__-__,____-__-__,____-__-__
592277,_3____,____-__-__,2005-03-18,____-__-__,____-__-__,____-__-__,____-__-__
593387,__4___,____-__-__,____-__-__,2005-09-22,____-__-__,____-__-__,____-__-__
593440,324333,2004-11-06,2005-08-04,2004-08-28,2004-08-28,2004-08-23,2004-11-21
593749,445_4_,2004-06-11,2004-11-17,2004-06-11,____-__-__,2005-02-14,____-__-__
594672,3_____,2005-03-09,____-__-__,____-__-__,____-__-__,____-__-__,____-__-__
596161,3_____,2004-12-18,____-__-__,____-__-__,____-__-__,____-__-__,____-__-__
596255,____1_,____-__-__,____-__-__,____-__-__,____-__-__,2005-08-18,____-__-__
598305,4_____,2004-04-13,____-__-__,____-__-__,____-__-__,____-__-__,____-__-__
602103,____34,____-__-__,____-__-__,____-__-__,____-__-__,2003-09-12,2004-06-08
608508,__3___,____-__-__,____-__-__,2004-08-13,____-__-__,____-__-__,____-__-__
609240,5_____,2003-08-23,____-__-__,____-__-__,____-__-__,____-__-__,____-__-__
612330,__4___,____-__-__,____-__-__,2005-08-10,____-__-__,____-__-__,____-__-__
612799,_3____,____-__-__,2005-08-09,____-__-__,____-__-__,____-__-__,____-__-__
615914,__4___,____-__-__,____-__-__,2004-10-05,____-__-__,____-__-__,____-__-__
615940,_4____,____-__-__,2005-09-06,____-__-__,____-__-__,____-__-__,____-__-__
616035,__5___,____-__-__,____-__-__,2004-09-20,____-__-__,____-__-__,____-__-__
617941,3_____,2005-06-27,____-__-__,____-__-__,____-__-__,____-__-__,____-__-__
622600,4_____,2004-01-25,____-__-__,____-__-__,____-__-__,____-__-__,____-__-__
624038,_3_34_,____-__-__,2005-01-31,____-__-__,2004-09-23,2003-12-16,____-__-__
633065,__3_3_,____-__-__,____-__-__,2004-08-18,____-__-__,2004-07-15,____-__-__
633905,___3__,____-__-__,____-__-__,____-__-__,2005-04-11,____-__-__,____-__-__
635285,3_____,2003-10-19,____-__-__,____-__-__,____-__-__,____-__-__,____-__-__
636262,____1_,____-__-__,____-__-__,____-__-__,____-__-__,2005-08-23,____-__-__
637481,_3____,____-__-__,2005-03-13,____-__-__,____-__-__,____-__-__,____-__-__
637621,___14_,____-__-__,____-__-__,____-__-__,2005-03-07,2005-01-28,____-__-__
643921,__5___,____-__-__,____-__-__,2005-11-28,____-__-__,____-__-__,____-__-__
644419,3_____,2005-01-24,____-__-__,____-__-__,____-__-__,____-__-__,____-__-__
645359,__5___,____-__-__,____-__-__,2004-10-24,____-__-__,____-__-__,____-__-__
647083,__4___,____-__-__,____-__-__,2004-07-19,____-__-__,____-__-__,____-__-__
647162,4_____,2004-08-15,____-__-__,____-__-__,____-__-__,____-__-__,____-__-__
652143,__5___,____-__-__,____-__-__,2004-07-07,____-__-__,____-__-__,____-__-__
654823,2_54__,2005-03-03,____-__-__,2005-09-23,2005-11-04,____-__-__,____-__-__
657764,2_____,2005-11-29,____-__-__,____-__-__,____-__-__,____-__-__,____-__-__
658961,444_43,2005-05-30,2005-11-08,2005-09-13,____-__-__,2003-09-05,2005-04-14
659217,____3_,____-__-__,____-__-__,____-__-__,____-__-__,2004-03-17,____-__-__
659879,_3____,____-__-__,2001-05-16,____-__-__,____-__-__,____-__-__,____-__-__
659997,__4___,____-__-__,____-__-__,2005-09-07,____-__-__,____-__-__,____-__-__
660385,5_____,2004-11-14,____-__-__,____-__-__,____-__-__,____-__-__,____-__-__
667155,__4___,____-__-__,____-__-__,2005-09-04,____-__-__,____-__-__,____-__-__
672815,__5___,____-__-__,____-__-__,2005-09-03,____-__-__,____-__-__,____-__-__
673088,___3__,____-__-__,____-__-__,____-__-__,2004-06-22,____-__-__,____-__-__
677888,33133_,2004-04-09,2004-07-19,2004-07-24,2004-04-09,2004-04-09,____-__-__
677895,__5_4_,____-__-__,____-__-__,2005-10-10,____-__-__,2005-11-10,____-__-__
681541,5__4__,2004-10-19,____-__-__,____-__-__,2004-07-26,____-__-__,____-__-__
682963,____3_,____-__-__,____-__-__,____-__-__,____-__-__,2005-06-27,____-__-__
683623,__3___,____-__-__,____-__-__,2005-10-21,____-__-__,____-__-__,____-__-__
689309,__3___,____-__-__,____-__-__,2004-12-29,____-__-__,____-__-__,____-__-__
693720,__3___,____-__-__,____-__-__,2005-10-11,____-__-__,____-__-__,____-__-__
694143,__5___,____-__-__,____-__-__,2005-09-06,____-__-__,____-__-__,____-__-__
694574,4_____,2005-05-25,____-__-__,____-__-__,____-__-__,____-__-__,____-__-__
695056,_____3,____-__-__,____-__-__,____-__-__,____-__-__,____-__-__,2004-04-11
698100,3_5_3_,2005-07-10,____-__-__,2005-09-05,____-__-__,2005-09-03,____-__-__
700049,__5___,____-__-__,____-__-__,2004-08-09,____-__-__,____-__-__,____-__-__
701449,__5___,____-__-__,____-__-__,2005-07-29,____-__-__,____-__-__,____-__-__
701678,__5__4,____-__-__,____-__-__,2004-07-26,____-__-__,____-__-__,2004-12-31
706955,4_____,2005-02-13,____-__-__,____-__-__,____-__-__,____-__-__,____-__-__
707032,3_4_1_,2005-07-16,____-__-__,2004-08-12,____-__-__,2004-05-03,____-__-__
712100,__4___,____-__-__,____-__-__,2005-08-07,____-__-__,____-__-__,____-__-__
714727,4_____,2005-01-20,____-__-__,____-__-__,____-__-__,____-__-__,____-__-__
714757,4_____,2004-01-28,____-__-__,____-__-__,____-__-__,____-__-__,____-__-__
714995,5_5__4,2004-10-09,____-__-__,2004-06-01,____-__-__,____-__-__,2004-08-12
716523,2_____,2005-03-02,____-__-__,____-__-__,____-__-__,____-__-__,____-__-__
718217,_____3,____-__-__,____-__-__,____-__-__,____-__-__,____-__-__,2003-12-19
720847,4_____,2004-05-06,____-__-__,____-__-__,____-__-__,____-__-__,____-__-__
722166,2__2__,2005-08-12,____-__-__,____-__-__,2005-02-26,____-__-__,____-__-__
722572,5_____,2004-10-08,____-__-__,____-__-__,____-__-__,____-__-__,____-__-__
724374,____1_,____-__-__,____-__-__,____-__-__,____-__-__,2005-10-29,____-__-__
724917,_3____,____-__-__,2005-07-20,____-__-__,____-__-__,____-__-__,____-__-__
737768,3_____,2003-10-31,____-__-__,____-__-__,____-__-__,____-__-__,____-__-__
752176,__5___,____-__-__,____-__-__,2005-08-28,____-__-__,____-__-__,____-__-__
752642,2_____,2001-10-22,____-__-__,____-__-__,____-__-__,____-__-__,____-__-__
753987,___3__,____-__-__,____-__-__,____-__-__,2004-09-21,____-__-__,____-__-__
756878,__2___,____-__-__,____-__-__,2005-11-20,____-__-__,____-__-__,____-__-__
761926,__3___,____-__-__,____-__-__,2005-08-23,____-__-__,____-__-__,____-__-__
767706,2_____,2003-06-17,____-__-__,____-__-__,____-__-__,____-__-__,____-__-__
767958,3_5___,2002-06-12,____-__-__,2005-08-09,____-__-__,____-__-__,____-__-__
768810,4_4___,2003-07-17,____-__-__,2004-08-01,____-__-__,____-__-__,____-__-__
773643,__3__1,____-__-__,____-__-__,2005-08-15,____-__-__,____-__-__,2004-12-16
773664,_32___,____-__-__,2005-07-05,2005-09-29,____-__-__,____-__-__,____-__-__
774018,_4____,____-__-__,2005-02-10,____-__-__,____-__-__,____-__-__,____-__-__
777394,3_534_,2005-12-02,____-__-__,2005-09-01,2005-10-04,2005-11-15,____-__-__
777400,1_53__,2004-08-30,____-__-__,2004-08-30,2004-08-30,____-__-__,____-__-__
777787,__3___,____-__-__,____-__-__,2004-07-29,____-__-__,____-__-__,____-__-__
779867,3_4_11,2005-04-06,____-__-__,2005-01-04,____-__-__,2005-04-06,2005-08-29
780058,_43___,____-__-__,2004-12-08,2004-08-09,____-__-__,____-__-__,____-__-__
780391,__3___,____-__-__,____-__-__,2005-09-29,____-__-__,____-__-__,____-__-__
780687,__1___,____-__-__,____-__-__,2004-10-05,____-__-__,____-__-__,____-__-__
783652,_____3,____-__-__,____-__-__,____-__-__,____-__-__,____-__-__,2004-02-13
790785,_____4,____-__-__,____-__-__,____-__-__,____-__-__,____-__-__,2004-10-25
791209,3_____,2004-11-22,____-__-__,____-__-__,____-__-__,____-__-__,____-__-__
792309,__4___,____-__-__,____-__-__,2004-08-06,____-__-__,____-__-__,____-__-__
792379,__5___,____-__-__,____-__-__,2005-08-02,____-__-__,____-__-__,____-__-__
795473,4_544_,2004-12-11,____-__-__,2004-12-11,2005-03-29,2005-03-29,____-__-__
797898,__5___,____-__-__,____-__-__,2004-08-11,____-__-__,____-__-__,____-__-__
802240,__3_3_,____-__-__,____-__-__,2004-10-30,____-__-__,2005-04-20,____-__-__
802251,__54__,____-__-__,____-__-__,2005-12-30,2005-12-30,____-__-__,____-__-__
802613,___4__,____-__-__,____-__-__,____-__-__,2005-09-26,____-__-__,____-__-__
803544,__5___,____-__-__,____-__-__,2005-12-13,____-__-__,____-__-__,____-__-__
806545,___2__,____-__-__,____-__-__,____-__-__,2005-07-30,____-__-__,____-__-__
807718,_3_223,____-__-__,2005-02-23,____-__-__,2005-05-16,2005-05-16,2005-05-17
812843,__5___,____-__-__,____-__-__,2005-08-31,____-__-__,____-__-__,____-__-__
814786,_____1,____-__-__,____-__-__,____-__-__,____-__-__,____-__-__,2005-08-15
817818,__4___,____-__-__,____-__-__,2005-01-07,____-__-__,____-__-__,____-__-__
821317,__4___,____-__-__,____-__-__,2005-09-05,____-__-__,____-__-__,____-__-__
823372,__3___,____-__-__,____-__-__,2004-09-12,____-__-__,____-__-__,____-__-__
823699,__1___,____-__-__,____-__-__,2004-08-30,____-__-__,____-__-__,____-__-__
826195,_1____,____-__-__,2005-06-05,____-__-__,____-__-__,____-__-__,____-__-__
826195,____2_,____-__-__,____-__-__,____-__-__,____-__-__,2005-05-07,____-__-__
838727,4_4___,2004-07-03,____-__-__,2004-10-11,____-__-__,____-__-__,____-__-__
840901,_1____,____-__-__,2001-07-22,____-__-__,____-__-__,____-__-__,____-__-__
842185,_4____,____-__-__,2005-08-29,____-__-__,____-__-__,____-__-__,____-__-__
843707,____3_,____-__-__,____-__-__,____-__-__,____-__-__,2005-08-16,____-__-__
853266,__5___,____-__-__,____-__-__,2005-09-30,____-__-__,____-__-__,____-__-__
859329,3__3__,2005-01-11,____-__-__,____-__-__,2004-09-30,____-__-__,____-__-__
867486,___2__,____-__-__,____-__-__,____-__-__,2005-03-15,____-__-__,____-__-__
869959,5_5___,2005-08-22,____-__-__,2005-10-23,____-__-__,____-__-__,____-__-__
871684,_____3,____-__-__,____-__-__,____-__-__,____-__-__,____-__-__,2005-04-04
874634,__4___,____-__-__,____-__-__,2005-03-04,____-__-__,____-__-__,____-__-__
876477,1_____,2003-11-18,____-__-__,____-__-__,____-__-__,____-__-__,____-__-__
877065,___4__,____-__-__,____-__-__,____-__-__,2005-02-15,____-__-__,____-__-__
879909,___2__,____-__-__,____-__-__,____-__-__,2005-11-09,____-__-__,____-__-__
880661,__4___,____-__-__,____-__-__,2005-09-30,____-__-__,____-__-__,____-__-__
884836,__5___,____-__-__,____-__-__,2004-07-21,____-__-__,____-__-__,____-__-__
884849,_____3,____-__-__,____-__-__,____-__-__,____-__-__,____-__-__,2004-03-10
890223,____4_,____-__-__,____-__-__,____-__-__,____-__-__,2004-09-02,____-__-__
890495,_____3,____-__-__,____-__-__,____-__-__,____-__-__,____-__-__,2005-03-18
896713,4___3_,2005-03-10,____-__-__,____-__-__,____-__-__,2005-10-30,____-__-__
897130,33____,2004-09-02,2004-11-17,____-__-__,____-__-__,____-__-__,____-__-__
897816,_____1,____-__-__,____-__-__,____-__-__,____-__-__,____-__-__,2005-10-19
907430,__3___,____-__-__,____-__-__,2005-10-05,____-__-__,____-__-__,____-__-__
908211,__4___,____-__-__,____-__-__,2004-10-02,____-__-__,____-__-__,____-__-__
908840,__4___,____-__-__,____-__-__,2004-08-09,____-__-__,____-__-__,____-__-__
909122,____2_,____-__-__,____-__-__,____-__-__,____-__-__,2005-07-31,____-__-__
910262,__4___,____-__-__,____-__-__,2005-09-01,____-__-__,____-__-__,____-__-__
911580,3_____,2003-06-03,____-__-__,____-__-__,____-__-__,____-__-__,____-__-__
913207,__5___,____-__-__,____-__-__,2004-08-15,____-__-__,____-__-__,____-__-__
914833,__4_3_,____-__-__,____-__-__,2005-11-12,____-__-__,2005-11-20,____-__-__
917886,__53_3,____-__-__,____-__-__,2005-11-10,2005-10-15,____-__-__,2005-10-15
923342,_4____,____-__-__,2005-11-08,____-__-__,____-__-__,____-__-__,____-__-__
923588,3___1_,2004-04-19,____-__-__,____-__-__,____-__-__,2004-02-18,____-__-__
925846,__4___,____-__-__,____-__-__,2005-10-16,____-__-__,____-__-__,____-__-__
931794,__4___,____-__-__,____-__-__,2004-08-04,____-__-__,____-__-__,____-__-__
933206,__4___,____-__-__,____-__-__,2005-10-24,____-__-__,____-__-__,____-__-__
933206,___1__,____-__-__,____-__-__,____-__-__,2005-05-21,____-__-__,____-__-__
935011,5__441,2005-03-27,____-__-__,____-__-__,2005-04-06,2005-03-07,2005-03-07
937583,__4___,____-__-__,____-__-__,2005-09-22,____-__-__,____-__-__,____-__-__
941241,__3___,____-__-__,____-__-__,2004-07-20,____-__-__,____-__-__,____-__-__
945258,3_____,2003-07-07,____-__-__,____-__-__,____-__-__,____-__-__,____-__-__
947373,_4____,____-__-__,2004-10-21,____-__-__,____-__-__,____-__-__,____-__-__
949364,__3___,____-__-__,____-__-__,2004-08-25,____-__-__,____-__-__,____-__-__
949485,__3___,____-__-__,____-__-__,2005-08-31,____-__-__,____-__-__,____-__-__
949889,__5___,____-__-__,____-__-__,2005-12-27,____-__-__,____-__-__,____-__-__
952053,2_____,2005-07-16,____-__-__,____-__-__,____-__-__,____-__-__,____-__-__
954571,___3__,____-__-__,____-__-__,____-__-__,2004-11-14,____-__-__,____-__-__
956644,__412_,____-__-__,____-__-__,2004-09-03,2005-03-07,2005-02-05,____-__-__
957765,__5___,____-__-__,____-__-__,2005-10-08,____-__-__,____-__-__,____-__-__
966148,__42__,____-__-__,____-__-__,2004-05-24,2004-10-25,____-__-__,____-__-__
966531,3_____,2005-02-24,____-__-__,____-__-__,____-__-__,____-__-__,____-__-__
970031,3_____,2004-04-07,____-__-__,____-__-__,____-__-__,____-__-__,____-__-__
970031,__3222,____-__-__,____-__-__,2004-04-14,2004-04-13,2004-04-07,2004-05-03
977634,2_____,2004-02-06,____-__-__,____-__-__,____-__-__,____-__-__,____-__-__
979157,3_433_,2004-11-02,____-__-__,____-__-__,____-__-__,____-__-__,____-__-__
979157,__4___,____-__-__,____-__-__,2004-07-19,2004-11-02,2004-09-13,____-__-__
981057,5__45_,2005-02-08,____-__-__,____-__-__,2005-02-18,2005-02-08,____-__-__
981733,__4___,____-__-__,____-__-__,2005-11-01,____-__-__,____-__-__,____-__-__
981953,__33__,____-__-__,____-__-__,2005-08-06,2004-03-20,____-__-__,____-__-__
982350,__4___,____-__-__,____-__-__,2004-08-30,____-__-__,____-__-__,____-__-__
984246,1_____,2003-05-16,____-__-__,____-__-__,____-__-__,____-__-__,____-__-__
984525,5_553_,2005-03-21,____-__-__,2005-11-08,2005-05-11,2005-03-21,____-__-__
998257,__5___,____-__-__,____-__-__,2005-12-26,____-__-__,____-__-__,____-__-__
999844,__5___,____-__-__,____-__-__,2004-08-08,____-__-__,____-__-__,____-__-__
1001129,____3_,____-__-__,____-__-__,____-__-__,____-__-__,2005-01-02,____-__-__
1002820,_____3,____-__-__,____-__-__,____-__-__,____-__-__,____-__-__,2004-01-06
1009833,_5____,____-__-__,2005-01-05,____-__-__,____-__-__,____-__-__,____-__-__
1010920,22__3_,2005-07-20,2005-03-07,____-__-__,____-__-__,2005-03-07,____-__-__
1010985,__5___,____-__-__,____-__-__,2005-08-08,____-__-__,____-__-__,____-__-__
1012642,__1___,____-__-__,____-__-__,2004-10-05,____-__-__,____-__-__,____-__-__
1015258,__5___,____-__-__,____-__-__,2005-07-30,____-__-__,____-__-__,____-__-__
1018980,__4___,____-__-__,____-__-__,2005-09-06,____-__-__,____-__-__,____-__-__
1026782,2_3_4_,2005-07-26,____-__-__,2005-10-10,____-__-__,2005-07-27,____-__-__
1027153,___2__,____-__-__,____-__-__,____-__-__,2005-07-20,____-__-__,____-__-__
1029026,____3_,____-__-__,____-__-__,____-__-__,____-__-__,2003-12-24,____-__-__
1030037,__5___,____-__-__,____-__-__,2004-09-03,____-__-__,____-__-__,____-__-__
1030812,__4___,____-__-__,____-__-__,2004-07-30,____-__-__,____-__-__,____-__-__
1032165,3_____,2004-01-21,____-__-__,____-__-__,____-__-__,____-__-__,____-__-__
1033692,4_5___,2005-08-09,____-__-__,2005-07-27,____-__-__,____-__-__,____-__-__
1034415,_____2,____-__-__,____-__-__,____-__-__,____-__-__,____-__-__,2004-03-01
1036167,4_5__4,2004-04-30,____-__-__,2004-04-14,____-__-__,____-__-__,2004-07-27
1036445,4_3___,2002-07-25,____-__-__,2004-09-30,____-__-__,____-__-__,____-__-__
1036800,_4____,____-__-__,2005-09-09,____-__-__,____-__-__,____-__-__,____-__-__
1039230,__5___,____-__-__,____-__-__,2004-08-24,____-__-__,____-__-__,____-__-__
1040549,__5___,____-__-__,____-__-__,2005-09-29,____-__-__,____-__-__,____-__-__
1041949,____4_,____-__-__,____-__-__,____-__-__,____-__-__,2003-12-16,____-__-__
1045479,3_4__,2004-11-12,____-__-__,2005-09-02,____-__-__,____-__-__,____-__-__
1045479,___3__,____-__-__,____-__-__,____-__-__,2005-03-17,____-__-__,____-__-__
1046365,___4__,____-__-__,____-__-__,____-__-__,2004-04-09,____-__-__,____-__-__
1055076,__1___,____-__-__,____-__-__,2004-08-06,____-__-__,____-__-__,____-__-__
1058055,3_____,2004-04-27,____-__-__,____-__-__,____-__-__,____-__-__,____-__-__
1059855,__5___,____-__-__,____-__-__,2004-08-01,____-__-__,____-__-__,____-__-__
1061547,__2___,____-__-__,____-__-__,2004-09-15,____-__-__,____-__-__,____-__-__
1062033,5_____,2004-08-10,____-__-__,____-__-__,____-__-__,____-__-__,____-__-__
1064664,4_____,2005-03-13,____-__-__,____-__-__,____-__-__,____-__-__,____-__-__
1070077,_4____,____-__-__,2005-06-29,____-__-__,____-__-__,____-__-__,____-__-__
1070154,_5____,____-__-__,2004-11-30,____-__-__,____-__-__,____-__-__,____-__-__
1070896,1_____,2004-03-26,____-__-__,____-__-__,____-__-__,____-__-__,____-__-__
1070966,___5_4,____-__-__,____-__-__,____-__-__,2004-06-07,____-__-__,2004-03-12
1071122,__3___,____-__-__,____-__-__,2004-07-13,____-__-__,____-__-__,____-__-__
1073858,__4___,____-__-__,____-__-__,2005-12-18,____-__-__,____-__-__,____-__-__
1077156,3_52_1,2001-10-20,____-__-__,2004-07-16,2004-03-17,____-__-__,2004-03-17
1080084,__5___,____-__-__,____-__-__,2004-08-18,____-__-__,____-__-__,____-__-__
1090311,____5_,____-__-__,____-__-__,____-__-__,____-__-__,2005-03-11,____-__-__
1091738,_4____,____-__-__,2005-04-21,____-__-__,____-__-__,____-__-__,____-__-__
1092407,_____5,____-__-__,____-__-__,____-__-__,____-__-__,____-__-__,2004-03-15
1093908,__4___,____-__-__,____-__-__,2005-11-30,____-__-__,____-__-__,____-__-__
1096063,__5___,____-__-__,____-__-__,2004-10-20,____-__-__,____-__-__,____-__-__
1100899,_3_22_,____-__-__,2005-03-14,____-__-__,2005-06-19,2005-04-21,____-__-__
1102554,__4___,____-__-__,____-__-__,2004-11-26,____-__-__,____-__-__,____-__-__
1103625,__5___,____-__-__,____-__-__,2004-07-26,____-__-__,____-__-__,____-__-__
1107377,_____4,____-__-__,____-__-__,____-__-__,____-__-__,____-__-__,2004-04-12
1114342,4_____,2005-02-13,____-__-__,____-__-__,____-__-__,____-__-__,____-__-__
1116428,3_____,2005-01-26,____-__-__,____-__-__,____-__-__,____-__-__,____-__-__
1119468,4_3___,2004-06-27,____-__-__,2005-12-16,____-__-__,____-__-__,____-__-__
1122339,4__2__,2002-04-10,____-__-__,____-__-__,2004-06-04,____-__-__,____-__-__
1122917,__4___,____-__-__,____-__-__,2005-10-26,____-__-__,____-__-__,____-__-__
1123981,3_2223,2003-03-22,____-__-__,2005-08-03,2003-12-27,2004-08-29,____-__-__
1131658,__54_5,____-__-__,____-__-__,2005-09-02,2005-10-05,____-__-__,2005-09-17
1132440,__4___,____-__-__,____-__-__,2005-10-05,____-__-__,____-__-__,____-__-__
1143351,2_____,2004-11-24,____-__-__,____-__-__,____-__-__,____-__-__,____-__-__
1147634,__5___,____-__-__,____-__-__,2005-09-13,____-__-__,____-__-__,____-__-__
1147641,____1_,____-__-__,____-__-__,____-__-__,____-__-__,2002-07-01,____-__-__
1147669,5_____,2005-03-03,____-__-__,____-__-__,____-__-__,____-__-__,____-__-__
1149660,___33_,____-__-__,____-__-__,____-__-__,2005-06-09,2005-04-30,____-__-__
1150643,__5___,____-__-__,____-__-__,2005-09-06,____-__-__,____-__-__,____-__-__
1150705,4_454_,2005-11-03,____-__-__,2005-10-06,2005-12-30,2005-09-25,____-__-__
1153564,___54_,____-__-__,____-__-__,____-__-__,2005-06-15,2005-07-13,____-__-__
1157507,_4____,____-__-__,2005-05-20,____-__-__,____-__-__,____-__-__,____-__-__
1159160,_____4,____-__-__,____-__-__,____-__-__,____-__-__,____-__-__,2004-07-29
1161943,4_____,2005-04-29,____-__-__,____-__-__,____-__-__,____-__-__,____-__-__
1163907,__4___,____-__-__,____-__-__,2004-08-19,____-__-__,____-__-__,____-__-__
1170032,__1___,____-__-__,____-__-__,2005-11-01,____-__-__,____-__-__,____-__-__
1170340,__5___,____-__-__,____-__-__,2005-08-22,____-__-__,____-__-__,____-__-__
1171240,_____5,____-__-__,____-__-__,____-__-__,____-__-__,____-__-__,2005-08-15
1171323,__4___,____-__-__,____-__-__,2004-09-29,____-__-__,____-__-__,____-__-__
1173399,__3___,____-__-__,____-__-__,2004-09-22,____-__-__,____-__-__,____-__-__
1178479,_5__3__,____-__-__,2004-07-10,____-__-__,2004-07-10,____-__-__,____-__-__
1178518,__5___,____-__-__,____-__-__,2004-12-16,____-__-__,____-__-__,____-__-__
1180425,____4_,____-__-__,____-__-__,____-__-__,____-__-__,2005-03-18,____-__-__
1191417,__5_3_,____-__-__,____-__-__,2005-09-06,____-__-__,2005-07-05,____-__-__
1194048,__5___,____-__-__,____-__-__,2005-08-25,____-__-__,____-__-__,____-__-__
1194594,__5___,____-__-__,____-__-__,2005-08-10,____-__-__,____-__-__,____-__-__
1197493,3_____,2004-04-20,____-__-__,____-__-__,____-__-__,____-__-__,____-__-__
1199214,___3__,____-__-__,____-__-__,____-__-__,2005-04-14,____-__-__,____-__-__
1203136,3_434_,2002-08-06,____-__-__,2004-05-04,2004-05-04,2002-07-27,____-__-__
1204657,5_5___,2005-10-07,____-__-__,2005-09-16,____-__-__,____-__-__,____-__-__
1208681,_3____,____-__-__,2004-08-13,____-__-__,____-__-__,____-__-__,____-__-__
1209119,_3____,____-__-__,2004-06-08,2005-11-05,____-__-__,____-__-__,____-__-__
1210422,3__4__,2005-09-19,____-__-__,____-__-__,2005-10-03,____-__-__,____-__-__
1220152,5_____,2003-08-20,____-__-__,____-__-__,____-__-__,____-__-__,____-__-__
1220375,5_____,2004-07-02,____-__-__,____-__-__,____-__-__,____-__-__,____-__-__
1220375,__55__,____-__-__,____-__-__,2004-07-02,2004-06-27,____-__-__,____-__-__
1223806,234___,2005-07-05,2005-07-05,2005-08-31,____-__-__,____-__-__,____-__-__
1225326,___134,____-__-__,____-__-__,____-__-__,2005-06-29,2005-02-07,2005-09-21
1225936,2_4___,2004-02-18,____-__-__,2004-06-04,____-__-__,____-__-__,____-__-__
1225936,___22_,____-__-__,____-__-__,____-__-__,2004-06-04,2004-02-18,____-__-__
1227936,4_5___,2004-08-26,____-__-__,2004-07-21,____-__-__,____-__-__,____-__-__
1229435,_2____,____-__-__,2005-02-10,____-__-__,____-__-__,____-__-__,____-__-__
1231510,___1__,____-__-__,____-__-__,____-__-__,2004-10-14,____-__-__,____-__-__
1232993,__3___,____-__-__,____-__-__,2005-10-12,____-__-__,____-__-__,____-__-__
1233447,3_5_5_,2003-12-08,____-__-__,2004-07-29,____-__-__,2002-07-04,____-__-__
1239145,5_____,2003-08-05,____-__-__,____-__-__,____-__-__,____-__-__,____-__-__
1242854,4_____,2004-04-04,____-__-__,____-__-__,____-__-__,____-__-__,____-__-__
1244842,4_5___,2005-08-18,____-__-__,2005-08-17,____-__-__,____-__-__,____-__-__
1247129,3_____,2003-10-21,____-__-__,____-__-__,____-__-__,____-__-__,____-__-__
1250096,__5___,____-__-__,____-__-__,2005-08-16,____-__-__,____-__-__,____-__-__
1251167,__44__,____-__-__,____-__-__,2004-11-08,2005-03-14,____-__-__,____-__-__
1253156,__4___,____-__-__,____-__-__,2004-06-16,____-__-__,____-__-__,____-__-__
1254903,_3____,____-__-__,2005-06-15,____-__-__,____-__-__,____-__-__,____-__-__
1255351,_____4,____-__-__,____-__-__,____-__-__,____-__-__,____-__-__,2005-09-26
1261840,____4_,____-__-__,____-__-__,____-__-__,____-__-__,2004-05-01,____-__-__
1263329,__4___,____-__-__,____-__-__,2005-09-02,____-__-__,____-__-__,____-__-__
1264985,4_____,2005-11-06,____-__-__,____-__-__,____-__-__,____-__-__,____-__-__
1268328,4_____,2004-07-24,____-__-__,____-__-__,____-__-__,____-__-__,____-__-__
1269699,_4__4_,____-__-__,2005-05-31,____-__-__,____-__-__,2005-06-05,____-__-__
1272831,__2___,____-__-__,____-__-__,2005-10-15,____-__-__,____-__-__,____-__-__
1273275,__5___,____-__-__,____-__-__,2005-12-16,____-__-__,____-__-__,____-__-__
1275809,__5___,____-__-__,____-__-__,2004-10-27,____-__-__,____-__-__,____-__-__
1277216,3__3__,2003-06-23,____-__-__,____-__-__,2004-04-10,____-__-__,____-__-__
1281153,__1___,____-__-__,____-__-__,2004-07-05,____-__-__,____-__-__,____-__-__
1287454,____51,____-__-__,____-__-__,____-__-__,____-__-__,2003-10-26,2004-09-07
1291867,3___31,2003-07-17,____-__-__,____-__-__,____-__-__,2003-09-08,2004-05-01
1293329,__5___,____-__-__,____-__-__,2004-08-22,____-__-__,____-__-__,____-__-__
1298080,2_____,2005-05-24,____-__-__,____-__-__,____-__-__,____-__-__,____-__-__
1298114,_____4,____-__-__,____-__-__,____-__-__,____-__-__,____-__-__,2005-02-13
1299755,__5___,____-__-__,____-__-__,2005-09-16,____-__-__,____-__-__,____-__-__
1299887,4554__,2005-02-06,2005-02-06,2005-08-20,2005-03-20,____-__-__,____-__-__
1300104,4__4__,2004-01-26,____-__-__,____-__-__,2004-01-31,____-__-__,____-__-__
1305236,___3__,____-__-__,____-__-__,____-__-__,2005-04-01,____-__-__,____-__-__
1307913,4_____,2004-05-04,____-__-__,____-__-__,____-__-__,____-__-__,____-__-__
1308697,_____2,____-__-__,____-__-__,____-__-__,____-__-__,____-__-__,2005-04-04
1310225,4_____,2005-05-24,____-__-__,____-__-__,____-__-__,____-__-__,____-__-__
1310992,4_____,2005-01-10,____-__-__,____-__-__,____-__-__,____-__-__,____-__-__
1311396,_____3,____-__-__,____-__-__,____-__-__,____-__-__,____-__-__,2005-08-24
1311952,_5____,____-__-__,2004-12-04,____-__-__,____-__-__,____-__-__,____-__-__
1313457,_____4,____-__-__,____-__-__,____-__-__,____-__-__,____-__-__,2004-07-23
1315185,__3___,____-__-__,____-__-__,2004-11-15,____-__-__,____-__-__,____-__-__
1316612,_____5,____-__-__,____-__-__,____-__-__,____-__-__,____-__-__,2004-04-11
1319107,__4_2_,____-__-__,____-__-__,2005-12-25,____-__-__,2005-06-06,____-__-__
1332323,__53__,____-__-__,____-__-__,2004-08-10,2004-08-10,____-__-__,____-__-__
1332473,__5___,____-__-__,____-__-__,2004-10-14,____-__-__,____-__-__,____-__-__
1335771,4_____,2003-05-07,____-__-__,____-__-__,____-__-__,____-__-__,____-__-__
1337391,___1__,____-__-__,____-__-__,____-__-__,2005-05-15,____-__-__,____-__-__
1338345,__4___,____-__-__,____-__-__,2005-11-04,____-__-__,____-__-__,____-__-__
1338823,4_5_4_,2004-12-06,____-__-__,2005-09-26,____-__-__,2005-06-27,____-__-__
1339040,__4___,____-__-__,____-__-__,2005-09-29,____-__-__,____-__-__,____-__-__
1340537,____3_,____-__-__,____-__-__,____-__-__,____-__-__,2005-07-12,____-__-__
1340879,2_43__,2004-06-23,____-__-__,2004-10-01,2005-08-22,____-__-__,____-__-__
1343006,__4___,____-__-__,____-__-__,2005-08-16,____-__-__,____-__-__,____-__-__
1343181,___3__,____-__-__,____-__-__,____-__-__,2005-09-22,____-__-__,____-__-__
1343377,___1__,____-__-__,____-__-__,____-__-__,2005-01-06,____-__-__,____-__-__
1344624,____1_,____-__-__,____-__-__,____-__-__,____-__-__,2005-10-31,____-__-__
1348053,__1___,____-__-__,____-__-__,2005-08-30,____-__-__,____-__-__,____-__-__
1349090,_____4,____-__-__,____-__-__,____-__-__,____-__-__,____-__-__,2005-06-08
1352074,4_5___,2005-11-15,____-__-__,2005-11-02,____-__-__,____-__-__,____-__-__
1355247,____4_,____-__-__,____-__-__,____-__-__,____-__-__,2005-08-26,____-__-__
1357088,3_____,2004-07-28,____-__-__,____-__-__,____-__-__,____-__-__,____-__-__
1360389,__4___,____-__-__,____-__-__,2005-10-07,____-__-__,____-__-__,____-__-__
1371016,_3____,____-__-__,2005-05-26,____-__-__,____-__-__,____-__-__,____-__-__
1371729,___4_3,____-__-__,____-__-__,____-__-__,2005-11-19,____-__-__,2005-11-19
1372852,_____3,____-__-__,____-__-__,____-__-__,____-__-__,____-__-__,2005-10-23
1374336,_4____,____-__-__,2004-09-26,____-__-__,____-__-__,____-__-__,____-__-__
1376824,_____2,____-__-__,____-__-__,____-__-__,____-__-__,____-__-__,2004-11-13
1391095,3_____,2003-10-27,____-__-__,____-__-__,____-__-__,____-__-__,____-__-__
1391204,__5435,____-__-__,____-__-__,2005-10-04,2005-12-27,2005-04-06,2005-04-06
1392017,__3___,____-__-__,____-__-__,2005-09-29,____-__-__,____-__-__,____-__-__
1396743,___2__,____-__-__,____-__-__,____-__-__,2004-10-28,____-__-__,____-__-__
1402030,3____2,2005-02-24,____-__-__,____-__-__,____-__-__,____-__-__,2004-02-09
1403217,____1_,____-__-__,____-__-__,____-__-__,____-__-__,2005-08-11,____-__-__
1405308,4_____,2005-04-16,____-__-__,____-__-__,____-__-__,____-__-__,____-__-__
1407182,__4___,____-__-__,____-__-__,2005-11-01,____-__-__,____-__-__,____-__-__
1409432,__3_4_,____-__-__,____-__-__,2004-10-28,____-__-__,2004-12-21,____-__-__
1426317,3_____,2005-02-01,____-__-__,____-__-__,____-__-__,____-__-__,____-__-__
1430250,__3___,____-__-__,____-__-__,2004-07-19,____-__-__,____-__-__,____-__-__
1431998,_____4,____-__-__,____-__-__,____-__-__,____-__-__,____-__-__,2004-10-26
1432407,__4_3_,____-__-__,____-__-__,2004-10-16,____-__-__,2004-12-13,____-__-__
1438028,__5___,____-__-__,____-__-__,2004-08-27,____-__-__,____-__-__,____-__-__
1449933,4_____,2005-06-15,____-__-__,____-__-__,____-__-__,____-__-__,____-__-__
1452058,__5_2_,____-__-__,____-__-__,2004-10-30,____-__-__,2004-10-07,____-__-__
1452240,3_4344,2004-03-15,____-__-__,2005-09-14,2005-02-06,2005-07-11,2004-12-14
1454518,__5___,____-__-__,____-__-__,2004-11-15,____-__-__,____-__-__,____-__-__
1456916,__4___,____-__-__,____-__-__,2004-08-17,____-__-__,____-__-__,____-__-__
1461435,1_____,2002-02-26,____-__-__,____-__-__,____-__-__,____-__-__,____-__-__
1461587,__4___,____-__-__,____-__-__,2004-07-21,____-__-__,____-__-__,____-__-__
1469629,3_2___,2005-04-18,____-__-__,2004-12-17,____-__-__,____-__-__,____-__-__
1471238,__5___,____-__-__,____-__-__,2004-09-23,____-__-__,____-__-__,____-__-__
1471321,____5_,____-__-__,____-__-__,____-__-__,____-__-__,2005-09-19,____-__-__
1471426,3_____,2004-11-26,____-__-__,____-__-__,____-__-__,____-__-__,____-__-__
1473980,____1_,____-__-__,____-__-__,____-__-__,____-__-__,2005-09-04,____-__-__
1477153,3_432_,2004-07-16,____-__-__,2004-07-04,2004-08-01,2004-09-12,____-__-__
1480017,__3___,____-__-__,____-__-__,2005-12-01,____-__-__,____-__-__,____-__-__
1480539,_4__4_,____-__-__,2005-06-23,____-__-__,____-__-__,2005-02-11,____-__-__
1480756,___3__,____-__-__,____-__-__,____-__-__,2005-02-07,____-__-__,____-__-__
1482096,__4___,____-__-__,____-__-__,2005-09-26,____-__-__,____-__-__,____-__-__
1482202,___4__,____-__-__,____-__-__,____-__-__,2005-12-12,____-__-__,____-__-__
1486706,_21___,____-__-__,2005-12-04,2005-12-18,____-__-__,____-__-__,____-__-__
1486829,11_2_2,2004-10-18,2004-10-18,____-__-__,2004-10-18,____-__-__,2004-10-18
1488239,_4____,____-__-__,2005-05-27,____-__-__,____-__-__,____-__-__,____-__-__
1488913,2_____,2004-06-01,____-__-__,____-__-__,____-__-__,____-__-__,____-__-__
1492860,__2___,____-__-__,____-__-__,2005-11-30,____-__-__,____-__-__,____-__-__
1493430,_3____,____-__-__,2004-09-01,____-__-__,____-__-__,____-__-__,____-__-__
1493435,__4___,____-__-__,____-__-__,2004-04-23,____-__-__,____-__-__,____-__-__
1501656,__3___,____-__-__,____-__-__,2005-10-28,____-__-__,____-__-__,____-__-__
1502608,4____5,2004-11-16,____-__-__,____-__-__,____-__-__,____-__-__,2004-04-08
1502727,2_____,2002-01-25,____-__-__,____-__-__,____-__-__,____-__-__,____-__-__
1503675,___3__,____-__-__,____-__-__,____-__-__,2005-10-20,____-__-__,____-__-__
1508073,4353_4,2004-11-22,2004-12-02,2004-05-20,2004-11-22,____-__-__,2004-07-28
1514745,__3___,____-__-__,____-__-__,2005-11-09,____-__-__,____-__-__,____-__-__
1515000,____3_,____-__-__,____-__-__,____-__-__,____-__-__,2005-09-26,____-__-__
1515048,__2___,____-__-__,____-__-__,2005-09-07,____-__-__,____-__-__,____-__-__
1527780,4_____,2004-08-24,____-__-__,____-__-__,____-__-__,____-__-__,____-__-__
1528534,__4___,____-__-__,____-__-__,2004-09-09,____-__-__,____-__-__,____-__-__
1530147,__5___,____-__-__,____-__-__,2004-12-29,____-__-__,____-__-__,____-__-__
1531029,_1___1,____-__-__,2005-01-12,____-__-__,____-__-__,____-__-__,2005-01-12
1533038,___4__,____-__-__,____-__-__,____-__-__,2004-05-10,____-__-__,____-__-__
1533452,4_____,2004-03-30,____-__-__,____-__-__,____-__-__,____-__-__,____-__-__
1534243,5_555_,2004-03-27,____-__-__,2005-09-25,2004-03-27,2004-02-19,____-__-__
1536313,_____3,____-__-__,____-__-__,____-__-__,____-__-__,____-__-__,2004-02-19
1537295,_____3,____-__-__,____-__-__,____-__-__,____-__-__,____-__-__,2005-06-07
1538755,1_____,2005-02-15,____-__-__,____-__-__,____-__-__,____-__-__,____-__-__
1540883,__1___,____-__-__,____-__-__,2004-11-23,____-__-__,____-__-__,____-__-__
1543531,_4____,____-__-__,2005-06-14,____-__-__,____-__-__,____-__-__,____-__-__
1547852,3_____,2005-04-20,____-__-__,____-__-__,____-__-__,____-__-__,____-__-__
1551840,__4___,____-__-__,____-__-__,2004-09-22,____-__-__,____-__-__,____-__-__
1554333,__4___,____-__-__,____-__-__,2005-10-14,____-__-__,____-__-__,____-__-__
1555167,__5___,____-__-__,____-__-__,2004-05-02,____-__-__,____-__-__,____-__-__
1558683,__4___,____-__-__,____-__-__,2004-06-09,____-__-__,____-__-__,____-__-__
1559820,3_434_,2004-08-04,____-__-__,2004-09-29,2004-06-14,2004-06-14,____-__-__
1560653,__4___,____-__-__,____-__-__,2004-09-22,____-__-__,____-__-__,____-__-__
1563459,__1___,____-__-__,____-__-__,2004-08-02,____-__-__,____-__-__,____-__-__
1563935,_1____,____-__-__,2005-08-15,____-__-__,____-__-__,____-__-__,____-__-__
1563935,_____1,____-__-__,____-__-__,____-__-__,____-__-__,____-__-__,2005-08-15
1567186,4_5___,2004-12-23,____-__-__,2004-08-24,____-__-__,____-__-__,____-__-__
1567995,1_____,2004-08-17,____-__-__,____-__-__,____-__-__,____-__-__,____-__-__
1568001,2_____,2005-08-22,____-__-__,____-__-__,____-__-__,____-__-__,____-__-__
1569109,_3____,____-__-__,2004-11-29,____-__-__,____-__-__,____-__-__,____-__-__
1570550,2_____,2003-07-08,____-__-__,____-__-__,____-__-__,____-__-__,____-__-__
1580590,_44445,____-__-__,2004-10-21,2004-08-17,2005-06-08,2004-02-25,2005-02-15
1587216,__2___,____-__-__,____-__-__,2005-05-16,____-__-__,____-__-__,____-__-__
1602031,__5___,____-__-__,____-__-__,2005-07-25,____-__-__,____-__-__,____-__-__
1602971,_____3,____-__-__,____-__-__,____-__-__,____-__-__,____-__-__,2004-05-24
1606067,____3_,____-__-__,____-__-__,____-__-__,____-__-__,2005-01-19,____-__-__
1606261,__52__,____-__-__,____-__-__,2004-08-11,2004-09-14,____-__-__,____-__-__
1607572,3_____,2002-11-08,____-__-__,____-__-__,____-__-__,____-__-__,____-__-__
1610910,___2__,____-__-__,____-__-__,____-__-__,2005-05-20,____-__-__,____-__-__
1614810,__4___,____-__-__,____-__-__,2004-07-13,____-__-__,____-__-__,____-__-__
1615312,__5___,____-__-__,____-__-__,2005-12-08,____-__-__,____-__-__,____-__-__
1615366,__4___,____-__-__,____-__-__,2005-10-28,____-__-__,____-__-__,____-__-__
1616631,__5___,____-__-__,____-__-__,2004-07-19,____-__-__,____-__-__,____-__-__
1618583,3_3_4_,2004-08-07,____-__-__,2004-11-21,____-__-__,2004-07-13,____-__-__
1618876,3_44__,2005-03-22,____-__-__,2004-08-13,2005-04-17,____-__-__,____-__-__
1618876,__4___,____-__-__,____-__-__,2004-08-13,____-__-__,____-__-__,____-__-__
1618876,___4__,____-__-__,____-__-__,____-__-__,2005-04-17,____-__-__,____-__-__
1621615,4_____,2005-03-02,____-__-__,____-__-__,____-__-__,____-__-__,____-__-__
1623193,1_____,2005-01-06,____-__-__,____-__-__,____-__-__,____-__-__,____-__-__
1624295,5_____,2005-02-20,____-__-__,____-__-__,____-__-__,____-__-__,____-__-__
1625533,__4___,____-__-__,____-__-__,2005-11-23,____-__-__,____-__-__,____-__-__
1627341,__2___,____-__-__,____-__-__,2004-08-11,____-__-__,____-__-__,____-__-__
1628998,__3___,____-__-__,____-__-__,2004-08-04,____-__-__,____-__-__,____-__-__
1629430,4_____,2005-07-09,____-__-__,____-__-__,____-__-__,____-__-__,____-__-__
1632196,2_____,2004-07-18,____-__-__,____-__-__,____-__-__,____-__-__,____-__-__
1637718,__4___,____-__-__,____-__-__,2005-08-31,____-__-__,____-__-__,____-__-__
1639792,1___1_,2003-04-03,____-__-__,____-__-__,____-__-__,2003-07-21,____-__-__
1644295,__24__,____-__-__,____-__-__,2004-12-14,2004-12-14,____-__-__,____-__-__
1646139,__4___,____-__-__,____-__-__,2005-09-01,____-__-__,____-__-__,____-__-__
1646880,545___,2004-12-07,2004-10-20,2005-09-02,____-__-__,____-__-__,____-__-__
1650301,__1___,____-__-__,____-__-__,2005-08-30,____-__-__,____-__-__,____-__-__
1651723,_3____,____-__-__,2004-08-28,____-__-__,____-__-__,____-__-__,____-__-__
1657033,__4___,____-__-__,____-__-__,2004-07-13,____-__-__,____-__-__,____-__-__
1664010,_4_333,____-__-__,2005-10-12,____-__-__,2005-10-12,2005-11-02,2005-10-12
1667933,__4___,____-__-__,____-__-__,2004-08-14,____-__-__,____-__-__,____-__-__
1669065,__5___,____-__-__,____-__-__,2005-08-25,____-__-__,____-__-__,____-__-__
1672302,_____2,____-__-__,____-__-__,____-__-__,____-__-__,____-__-__,2004-12-03
1685089,3_____,2001-10-27,____-__-__,____-__-__,____-__-__,____-__-__,____-__-__
1695198,__4___,____-__-__,____-__-__,2005-11-10,____-__-__,____-__-__,____-__-__
1698528,__5___,____-__-__,____-__-__,2005-11-04,____-__-__,____-__-__,____-__-__
1701710,__5___,____-__-__,____-__-__,2005-10-07,____-__-__,____-__-__,____-__-__
1701828,__5___,____-__-__,____-__-__,2005-11-27,____-__-__,____-__-__,____-__-__
1702262,__4___,____-__-__,____-__-__,2005-08-29,____-__-__,____-__-__,____-__-__
1707723,3_5_3_,2003-07-09,____-__-__,2004-07-09,____-__-__,2004-09-02,____-__-__
1710101,__5___,____-__-__,____-__-__,2005-09-21,____-__-__,____-__-__,____-__-__
1711660,__3___,____-__-__,____-__-__,2004-05-02,____-__-__,____-__-__,____-__-__
1714023,_____4,____-__-__,____-__-__,____-__-__,____-__-__,____-__-__,2004-08-24
1720149,_3____,____-__-__,2005-03-12,____-__-__,____-__-__,____-__-__,____-__-__
1724929,54_343,2005-03-02,2005-02-21,____-__-__,2004-02-03,2003-11-03,2004-01-20
1732795,__4___,____-__-__,____-__-__,2004-09-02,____-__-__,____-__-__,____-__-__
1736133,___3__,____-__-__,____-__-__,____-__-__,2004-12-08,____-__-__,____-__-__
1736933,2_____,2003-09-03,____-__-__,____-__-__,____-__-__,____-__-__,____-__-__
1743179,_____2,____-__-__,____-__-__,____-__-__,____-__-__,____-__-__,2005-08-15
1744446,__5___,____-__-__,____-__-__,2004-08-26,____-__-__,____-__-__,____-__-__
1750949,_____3,____-__-__,____-__-__,____-__-__,____-__-__,____-__-__,2004-03-31
1752478,_4____,____-__-__,2005-08-14,____-__-__,____-__-__,____-__-__,____-__-__
1754305,__3___,____-__-__,____-__-__,2005-12-13,____-__-__,____-__-__,____-__-__
1758286,__4___,____-__-__,____-__-__,2004-08-18,____-__-__,____-__-__,____-__-__
1763499,__4___,____-__-__,____-__-__,2004-08-29,____-__-__,____-__-__,____-__-__
1764042,_3____,____-__-__,2004-05-22,____-__-__,____-__-__,____-__-__,____-__-__
1766159,__3___,____-__-__,____-__-__,2005-01-11,____-__-__,____-__-__,____-__-__
1769875,__4___,____-__-__,____-__-__,2004-05-19,____-__-__,____-__-__,____-__-__
1772665,____3_,____-__-__,____-__-__,____-__-__,____-__-__,2005-08-01,____-__-__
1773724,4_334_,2005-04-25,____-__-__,2005-10-29,2004-07-07,2005-03-23,____-__-__
1777165,5_____,2005-06-15,____-__-__,____-__-__,____-__-__,____-__-__,____-__-__
1778330,__5___,____-__-__,____-__-__,2005-11-03,____-__-__,____-__-__,____-__-__
1779088,__4___,____-__-__,____-__-__,2005-09-30,____-__-__,____-__-__,____-__-__
1779239,4__43_,2004-08-04,____-__-__,____-__-__,2004-07-30,2004-09-29,____-__-__
1785359,__4___,____-__-__,____-__-__,2005-09-01,____-__-__,____-__-__,____-__-__
1788709,__53__,____-__-__,____-__-__,2005-08-30,2004-03-17,____-__-__,____-__-__
1789593,4_____,2004-10-22,____-__-__,____-__-__,____-__-__,____-__-__,____-__-__
1790184,1__4_2,2004-06-01,____-__-__,____-__-__,2004-06-01,____-__-__,2004-06-01
1794938,__4___,____-__-__,____-__-__,2005-08-29,____-__-__,____-__-__,____-__-__
1802028,____1_,____-__-__,____-__-__,____-__-__,____-__-__,2005-01-28,____-__-__
1808582,__3___,____-__-__,____-__-__,2005-11-16,____-__-__,____-__-__,____-__-__
1811695,___4__,____-__-__,____-__-__,____-__-__,2005-07-12,____-__-__,____-__-__
1814561,1_____,2004-11-23,____-__-__,____-__-__,____-__-__,____-__-__,____-__-__
1819660,__1___,____-__-__,____-__-__,2005-09-28,____-__-__,____-__-__,____-__-__
1826086,__4___,____-__-__,____-__-__,2004-11-03,____-__-__,____-__-__,____-__-__
1828803,___2__,____-__-__,____-__-__,____-__-__,2005-02-09,____-__-__,____-__-__
1832628,4_533_,2005-08-14,____-__-__,2005-08-14,2005-08-08,2005-08-26,____-__-__
1835606,__5___,____-__-__,____-__-__,2005-12-16,____-__-__,____-__-__,____-__-__
1836533,__5___,____-__-__,____-__-__,2004-09-07,____-__-__,____-__-__,____-__-__
1836723,__5___,____-__-__,____-__-__,2005-10-24,____-__-__,____-__-__,____-__-__
1836761,4_5___,2005-08-20,____-__-__,2005-08-20,____-__-__,____-__-__,____-__-__
1836761,__5___,____-__-__,____-__-__,2005-08-20,____-__-__,____-__-__,____-__-__
1845222,__4___,____-__-__,____-__-__,2004-08-17,____-__-__,____-__-__,____-__-__
1850395,____5_,____-__-__,____-__-__,____-__-__,____-__-__,2005-05-02,____-__-__
1850680,____1_,____-__-__,____-__-__,____-__-__,____-__-__,2005-09-17,____-__-__
1861411,3_____,2005-05-10,____-__-__,____-__-__,____-__-__,____-__-__,____-__-__
1865382,____3_,____-__-__,____-__-__,____-__-__,____-__-__,2005-04-01,____-__-__
1868236,__5___,____-__-__,____-__-__,2004-05-26,____-__-__,____-__-__,____-__-__
1870256,_____3,____-__-__,____-__-__,____-__-__,____-__-__,____-__-__,2005-09-12
1872037,__4___,____-__-__,____-__-__,2004-10-04,____-__-__,____-__-__,____-__-__
1878143,__5___,____-__-__,____-__-__,2004-08-19,____-__-__,____-__-__,____-__-__
1879665,_1____,____-__-__,2004-09-21,____-__-__,____-__-__,____-__-__,____-__-__
1880342,_____1,____-__-__,____-__-__,____-__-__,____-__-__,____-__-__,2004-05-14
1881260,123211,2005-09-08,2005-08-29,2005-08-29,2005-09-08,2005-09-08,2005-08-29
1881705,_4____,____-__-__,2005-05-06,____-__-__,____-__-__,____-__-__,____-__-__
1882021,____4_,____-__-__,____-__-__,____-__-__,____-__-__,2004-02-09,____-__-__
1884142,4_454_,2005-02-17,____-__-__,2005-09-01,2005-12-20,2005-09-19,____-__-__
1886642,__5___,____-__-__,____-__-__,2005-10-25,____-__-__,____-__-__,____-__-__
1892937,_5_3__,____-__-__,2005-07-25,____-__-__,2004-11-09,____-__-__,____-__-__
1895359,1_____,2005-04-17,____-__-__,____-__-__,____-__-__,____-__-__,____-__-__
1896167,2_____,2004-02-03,____-__-__,____-__-__,____-__-__,____-__-__,____-__-__
1899836,__2___,____-__-__,____-__-__,2004-09-12,____-__-__,____-__-__,____-__-__
1902867,__53__,____-__-__,____-__-__,2005-10-12,2004-10-08,____-__-__,____-__-__
1903072,1_21_5,2003-12-02,2005-01-02,2004-01-30,____-__-__,____-__-__,2005-07-25
1907733,22__5_,2005-01-28,2004-07-01,____-__-__,____-__-__,2005-01-31,____-__-__
1908753,__52__,____-__-__,____-__-__,2004-08-05,2004-04-20,____-__-__,____-__-__
1911527,__5___,____-__-__,____-__-__,2004-07-13,____-__-__,____-__-__,____-__-__
1915028,__3___,____-__-__,____-__-__,2005-09-19,____-__-__,____-__-__,____-__-__
1917431,3_533_,2005-11-18,____-__-__,2005-08-23,2005-11-18,2005-09-09,____-__-__
1918794,__3___,____-__-__,____-__-__,2005-08-01,____-__-__,____-__-__,____-__-__
1925701,_3____,____-__-__,2004-06-28,____-__-__,____-__-__,____-__-__,____-__-__
1925897,___4__,____-__-__,____-__-__,____-__-__,2004-08-27,____-__-__,____-__-__
1926928,5_____,2005-12-07,____-__-__,____-__-__,____-__-__,____-__-__,____-__-__
1932594,11_112,2004-07-19,2004-10-03,____-__-__,2004-10-03,2004-10-03,2004-08-22
1935536,__4___,____-__-__,____-__-__,2005-10-24,____-__-__,____-__-__,____-__-__
1935793,_1_11_,____-__-__,2005-04-11,____-__-__,2005-04-10,2005-04-10,____-__-__
1940651,__3___,____-__-__,____-__-__,2005-09-18,____-__-__,____-__-__,____-__-__
1941244,___4_3,____-__-__,____-__-__,____-__-__,2005-04-30,____-__-__,2005-04-30
1944228,4_3___,2004-07-01,____-__-__,2004-07-19,____-__-__,____-__-__,____-__-__
1945029,5_54__,2004-07-03,____-__-__,2004-08-02,2004-08-02,____-__-__,____-__-__
1945428,___232,____-__-__,____-__-__,____-__-__,2004-09-09,2003-09-25,2004-12-20
1947963,__2___,____-__-__,____-__-__,2005-10-04,____-__-__,____-__-__,____-__-__
1950026,_5____,____-__-__,2005-07-06,____-__-__,____-__-__,____-__-__,____-__-__
1951097,_____2,____-__-__,____-__-__,____-__-__,____-__-__,____-__-__,2005-06-16
1953257,__4_2_,____-__-__,____-__-__,2004-11-17,____-__-__,2005-06-15,____-__-__
1956105,__4_33,____-__-__,____-__-__,2005-01-06,____-__-__,2005-02-27,2005-02-06
1959662,__3__3,____-__-__,____-__-__,2005-12-19,____-__-__,____-__-__,2005-08-05
1960208,__5___,____-__-__,____-__-__,2005-10-06,____-__-__,____-__-__,____-__-__
1960339,____24,____-__-__,____-__-__,____-__-__,____-__-__,2005-06-13,2004-04-08
1962669,_____4,____-__-__,____-__-__,____-__-__,____-__-__,____-__-__,2004-07-07
1963803,__4___,____-__-__,____-__-__,2004-07-10,____-__-__,____-__-__,____-__-__
1964334,3_____,2003-06-23,____-__-__,____-__-__,____-__-__,____-__-__,____-__-__
1964421,_3____,____-__-__,2005-03-15,____-__-__,____-__-__,____-__-__,____-__-__
1966687,__4___,____-__-__,____-__-__,2005-12-02,____-__-__,____-__-__,____-__-__
1967509,__4___,____-__-__,____-__-__,2004-09-20,____-__-__,____-__-__,____-__-__
1969563,__34__,____-__-__,____-__-__,2004-08-16,2004-03-23,____-__-__,____-__-__
1970505,4_____,2005-06-02,____-__-__,____-__-__,____-__-__,____-__-__,____-__-__
1971963,__5___,____-__-__,____-__-__,2004-08-23,____-__-__,____-__-__,____-__-__
1973828,_____3,____-__-__,____-__-__,____-__-__,____-__-__,____-__-__,2004-04-29
1973975,_24222,____-__-__,2005-10-25,2005-10-23,2005-10-09,2005-10-30,2005-10-13
1977630,__4___,____-__-__,____-__-__,2005-09-06,____-__-__,____-__-__,____-__-__
1979894,__5___,____-__-__,____-__-__,2004-10-29,____-__-__,____-__-__,____-__-__
1981647,3_2_31,2005-01-11,____-__-__,2005-08-05,____-__-__,2005-01-11,2005-04-17
1984154,____2_,____-__-__,____-__-__,____-__-__,____-__-__,2005-08-30,____-__-__
1984443,4_____,2003-08-09,____-__-__,____-__-__,____-__-__,____-__-__,____-__-__
1986552,2____2,2005-04-09,____-__-__,____-__-__,____-__-__,____-__-__,2005-03-02
1988375,___3__,____-__-__,____-__-__,____-__-__,2005-03-21,____-__-__,____-__-__
1988682,4_____,2004-11-05,____-__-__,____-__-__,____-__-__,____-__-__,____-__-__
1995585,2_____,2005-06-17,____-__-__,____-__-__,____-__-__,____-__-__,____-__-__
1997580,32_333,2005-01-19,2005-01-19,____-__-__,2005-01-19,2005-01-19,2005-01-19
1998864,_____4,____-__-__,____-__-__,____-__-__,____-__-__,____-__-__,2005-01-06
2006001,1_____,2005-06-20,____-__-__,____-__-__,____-__-__,____-__-__,____-__-__
2018895,____2_,____-__-__,____-__-__,____-__-__,____-__-__,2000-12-25,____-__-__
2018935,5_____,2005-06-22,____-__-__,____-__-__,____-__-__,____-__-__,____-__-__
2019578,5_____,2003-08-04,____-__-__,____-__-__,____-__-__,____-__-__,____-__-__
2020678,__5_3_,____-__-__,____-__-__,2005-08-29,____-__-__,2005-09-22,____-__-__
2024823,__5___,____-__-__,____-__-__,2005-11-07,____-__-__,____-__-__,____-__-__
2026207,___3_4,____-__-__,____-__-__,____-__-__,2004-11-30,____-__-__,2004-11-09
2026207,_____4,____-__-__,____-__-__,____-__-__,____-__-__,____-__-__,2004-11-09
2027361,__4___,____-__-__,____-__-__,2005-11-02,____-__-__,____-__-__,____-__-__
2029276,_3____,____-__-__,2005-06-18,____-__-__,____-__-__,____-__-__,____-__-__
2030862,___1__,____-__-__,____-__-__,____-__-__,2005-04-13,____-__-__,____-__-__
2031154,__3___,____-__-__,____-__-__,2004-07-26,____-__-__,____-__-__,____-__-__
2037510,__4___,____-__-__,____-__-__,2005-08-29,____-__-__,____-__-__,____-__-__
2040859,11_1_1,2004-11-23,2004-11-23,____-__-__,2004-11-23,____-__-__,2004-11-23
2044587,____3_,____-__-__,____-__-__,____-__-__,____-__-__,2003-09-03,____-__-__
2046878,3_2___,2004-09-22,____-__-__,2004-07-19,____-__-__,____-__-__,____-__-__
2048630,____3_,____-__-__,____-__-__,____-__-__,____-__-__,2003-10-14,____-__-__
2053594,_3____,____-__-__,2001-01-16,____-__-__,____-__-__,____-__-__,____-__-__
2056022,22____,2004-11-05,2004-10-04,____-__-__,____-__-__,____-__-__,____-__-__
2057454,____3_,____-__-__,____-__-__,____-__-__,____-__-__,2005-03-09,____-__-__
2062286,__4___,____-__-__,____-__-__,2005-08-15,____-__-__,____-__-__,____-__-__
2064219,__5___,____-__-__,____-__-__,2005-09-02,____-__-__,____-__-__,____-__-__
2065059,3_____,2005-07-28,____-__-__,____-__-__,____-__-__,____-__-__,____-__-__
2068671,__4___,____-__-__,____-__-__,2005-09-15,____-__-__,____-__-__,____-__-__
2069594,__5___,____-__-__,____-__-__,2004-09-04,____-__-__,____-__-__,____-__-__
2072828,__4___,____-__-__,____-__-__,2005-07-22,____-__-__,____-__-__,____-__-__
2074078,__4___,____-__-__,____-__-__,2004-09-30,____-__-__,____-__-__,____-__-__
2077104,4__5_5,2004-02-06,____-__-__,____-__-__,2004-02-23,____-__-__,2003-12-10
2083367,3_____,2003-07-22,____-__-__,____-__-__,____-__-__,____-__-__,____-__-__
2085563,___3__,____-__-__,____-__-__,____-__-__,2004-10-14,____-__-__,____-__-__
2087290,3_____,2003-12-25,____-__-__,____-__-__,____-__-__,____-__-__,____-__-__
2091752,__3___,____-__-__,____-__-__,2005-11-04,____-__-__,____-__-__,____-__-__
2105764,__4___,____-__-__,____-__-__,2005-10-23,____-__-__,____-__-__,____-__-__
2107871,3_____,2005-04-06,____-__-__,____-__-__,____-__-__,____-__-__,____-__-__
2116099,__4___,____-__-__,____-__-__,2004-09-24,____-__-__,____-__-__,____-__-__
2118461,_453_3,____-__-__,2005-12-22,2005-10-23,2005-12-22,2005-12-22,____-__-__
2120218,__5___,____-__-__,____-__-__,2005-09-27,____-__-__,____-__-__,____-__-__
2120820,__5___,____-__-__,____-__-__,2005-09-01,____-__-__,____-__-__,____-__-__
2122936,3__43_,2004-07-30,____-__-__,____-__-__,2004-03-19,2004-05-25,____-__-__
2124331,_____4,____-__-__,____-__-__,____-__-__,____-__-__,____-__-__,2004-01-09
2124874,4_____,2004-08-16,____-__-__,____-__-__,____-__-__,____-__-__,____-__-__
2124888,5_____,2004-02-16,____-__-__,____-__-__,____-__-__,____-__-__,____-__-__
2127784,__4___,____-__-__,____-__-__,2005-09-28,____-__-__,____-__-__,____-__-__
2134683,3_____,2003-04-01,____-__-__,____-__-__,____-__-__,____-__-__,____-__-__
2136342,__4___,____-__-__,____-__-__,2005-11-07,____-__-__,____-__-__,____-__-__
2145443,__3___,____-__-__,____-__-__,2005-12-19,____-__-__,____-__-__,____-__-__
2145905,____1_,____-__-__,____-__-__,____-__-__,____-__-__,2005-04-01,____-__-__
2147916,3__3__,2004-03-04,____-__-__,____-__-__,2004-05-03,____-__-__,____-__-__
2149668,__4___,____-__-__,____-__-__,2005-11-03,____-__-__,____-__-__,____-__-__
2151319,5_____,2005-10-03,____-__-__,____-__-__,____-__-__,____-__-__,____-__-__
2152426,__52__,____-__-__,____-__-__,2004-09-01,2005-10-13,____-__-__,____-__-__
2154449,2_____,2005-04-22,____-__-__,____-__-__,____-__-__,____-__-__,____-__-__
2155936,__3___,____-__-__,____-__-__,2005-12-08,____-__-__,____-__-__,____-__-__
2159840,___3_2,____-__-__,____-__-__,____-__-__,2004-11-05,____-__-__,2004-12-01
2159840,_____2,____-__-__,____-__-__,____-__-__,____-__-__,____-__-__,2004-12-01
2161142,__5___,____-__-__,____-__-__,2005-09-29,____-__-__,____-__-__,____-__-__
2167172,__5___,____-__-__,____-__-__,2004-10-01,____-__-__,____-__-__,____-__-__
2170930,____11,____-__-__,____-__-__,____-__-__,____-__-__,2005-10-28,2005-10-23
2173457,__5__3,____-__-__,____-__-__,2004-09-06,____-__-__,____-__-__,2004-08-17
2176303,_3_54_,____-__-__,2005-08-16,____-__-__,2005-05-01,2005-05-01,____-__-__
2176729,__4___,____-__-__,____-__-__,2004-08-03,____-__-__,____-__-__,____-__-__
2177597,4_432_,2005-04-09,____-__-__,2005-09-12,2004-12-12,2005-06-16,____-__-__
2178013,4_5___,2005-06-29,____-__-__,2004-08-20,____-__-__,____-__-__,____-__-__
2180518,2_____,2003-11-13,____-__-__,____-__-__,____-__-__,____-__-__,____-__-__
2181840,_43___,____-__-__,2005-10-01,2005-11-11,____-__-__,____-__-__,____-__-__
2182356,__3__4,____-__-__,____-__-__,2005-10-01,____-__-__,____-__-__,2005-09-20
2182504,2_____,2002-03-30,____-__-__,____-__-__,____-__-__,____-__-__,____-__-__
2184488,2_____,2005-05-06,____-__-__,____-__-__,____-__-__,____-__-__,____-__-__
2188296,3453_5,2003-07-29,2005-08-22,2004-04-08,2004-06-28,____-__-__,2004-02-02
2193771,2_____,2003-03-18,____-__-__,____-__-__,____-__-__,____-__-__,____-__-__
2195508,4__3__,2004-06-24,____-__-__,____-__-__,2004-06-24,____-__-__,____-__-__
2197411,4_____,2004-11-01,____-__-__,____-__-__,____-__-__,____-__-__,____-__-__
2209071,___2__,____-__-__,____-__-__,____-__-__,2005-12-13,____-__-__,____-__-__
2213123,5_5444,2004-03-30,____-__-__,2004-05-25,2004-04-01,2004-03-30,2004-02-09
2215240,4_____,2005-10-18,____-__-__,____-__-__,____-__-__,____-__-__,____-__-__
2219254,33_4__,2005-05-25,2005-11-13,____-__-__,2005-06-14,____-__-__,____-__-__
2219596,__5___,____-__-__,____-__-__,2005-10-22,____-__-__,____-__-__,____-__-__
2219648,__5___,____-__-__,____-__-__,2004-05-03,____-__-__,____-__-__,____-__-__
2220672,3_____,2003-06-25,____-__-__,____-__-__,____-__-__,____-__-__,____-__-__
2222864,__3___,____-__-__,____-__-__,2004-09-28,____-__-__,____-__-__,____-__-__
2224875,_____4,____-__-__,____-__-__,____-__-__,____-__-__,____-__-__,2004-05-26
2224936,__4___,____-__-__,____-__-__,2005-11-25,____-__-__,____-__-__,____-__-__
2225743,____1_,____-__-__,____-__-__,____-__-__,____-__-__,2005-03-28,____-__-__
2227343,3__4__,2004-08-16,____-__-__,____-__-__,2004-08-16,____-__-__,____-__-__
2227343,__4___,____-__-__,____-__-__,2004-08-04,____-__-__,____-__-__,____-__-__
2236937,__5___,____-__-__,____-__-__,2005-10-09,____-__-__,____-__-__,____-__-__
2237150,__5___,____-__-__,____-__-__,2004-07-21,____-__-__,____-__-__,____-__-__
2243189,3_____,2004-11-23,____-__-__,____-__-__,____-__-__,____-__-__,____-__-__
2247865,3___3_,2005-03-27,____-__-__,____-__-__,____-__-__,2005-03-27,____-__-__
2248255,__5___,____-__-__,____-__-__,2005-11-07,____-__-__,____-__-__,____-__-__
2251810,_4____,____-__-__,2004-12-29,____-__-__,____-__-__,____-__-__,____-__-__
2256485,11_11_,2004-11-09,2005-06-21,____-__-__,2005-06-21,2005-03-21,____-__-__
2259471,__4___,____-__-__,____-__-__,2004-10-25,____-__-__,____-__-__,____-__-__
2268720,_5____,____-__-__,2004-05-26,____-__-__,____-__-__,____-__-__,____-__-__
2268720,__5___,____-__-__,____-__-__,2004-05-26,____-__-__,____-__-__,____-__-__
2269838,3_433_,2005-03-21,____-__-__,2004-08-09,2004-06-30,2004-03-11,____-__-__
2271361,____3_,____-__-__,____-__-__,____-__-__,____-__-__,2005-09-12,____-__-__
2272500,__3___,____-__-__,____-__-__,2005-08-26,____-__-__,____-__-__,____-__-__
2284079,___3__,____-__-__,____-__-__,____-__-__,2004-09-23,____-__-__,____-__-__
2286677,_____2,____-__-__,____-__-__,____-__-__,____-__-__,____-__-__,2004-04-29
2292335,__4___,____-__-__,____-__-__,2005-10-15,____-__-__,____-__-__,____-__-__
2292706,4_____,2004-11-03,____-__-__,____-__-__,____-__-__,____-__-__,____-__-__
2298035,__2___,____-__-__,____-__-__,2004-08-30,____-__-__,____-__-__,____-__-__
2300478,__3___,____-__-__,____-__-__,2005-09-28,____-__-__,____-__-__,____-__-__
2303588,3__32_,2005-01-29,____-__-__,____-__-__,2005-02-24,2005-01-20,____-__-__
2305477,__4___,____-__-__,____-__-__,2004-08-16,____-__-__,____-__-__,____-__-__
2307885,___3__,____-__-__,____-__-__,____-__-__,2005-07-20,____-__-__,____-__-__
2308472,__4432,____-__-__,____-__-__,2004-08-06,2005-05-23,2004-09-07,2004-07-22
2315108,__3___,____-__-__,____-__-__,2005-10-21,____-__-__,____-__-__,____-__-__
2315416,__5___,____-__-__,____-__-__,2005-01-08,____-__-__,____-__-__,____-__-__
2316420,__2___,____-__-__,____-__-__,2005-09-24,____-__-__,____-__-__,____-__-__
2318659,5___35,2005-04-19,____-__-__,____-__-__,____-__-__,2005-04-19,2005-05-03
2318659,____35,____-__-__,____-__-__,____-__-__,____-__-__,2005-04-19,2005-05-03
2320016,__5___,____-__-__,____-__-__,2004-08-07,____-__-__,____-__-__,____-__-__
2321023,__2___,____-__-__,____-__-__,2004-07-06,____-__-__,____-__-__,____-__-__
2322868,__5___,____-__-__,____-__-__,2005-11-28,____-__-__,____-__-__,____-__-__
2322938,2_____,2004-05-01,____-__-__,____-__-__,____-__-__,____-__-__,____-__-__
2324358,____55,____-__-__,____-__-__,____-__-__,____-__-__,2004-05-12,2004-05-12
2327426,__4___,____-__-__,____-__-__,2005-12-31,____-__-__,____-__-__,____-__-__
2334334,___3__,____-__-__,____-__-__,____-__-__,2004-08-19,____-__-__,____-__-__
2336884,___3__,____-__-__,____-__-__,____-__-__,2005-03-19,____-__-__,____-__-__
2339119,__5___,____-__-__,____-__-__,2005-11-23,____-__-__,____-__-__,____-__-__
2342834,53553_,2004-01-01,2004-06-13,2004-05-27,2004-01-01,2004-04-15,____-__-__
2343780,3_5___,2004-08-30,____-__-__,2004-08-20,____-__-__,____-__-__,____-__-__
2347699,5___5_,2005-03-01,____-__-__,____-__-__,____-__-__,2005-03-01,____-__-__
2349374,_____4,____-__-__,____-__-__,____-__-__,____-__-__,____-__-__,2004-08-09
2362863,__5___,____-__-__,____-__-__,2005-09-01,____-__-__,____-__-__,____-__-__
2363692,__2___,____-__-__,____-__-__,2004-09-18,____-__-__,____-__-__,____-__-__
2367304,4__33_,2003-03-21,____-__-__,____-__-__,2004-05-24,2003-07-14,____-__-__
2368673,__4___,____-__-__,____-__-__,2005-10-28,____-__-__,____-__-__,____-__-__
2371971,4_43_3,2004-10-30,____-__-__,2004-07-12,2004-03-17,____-__-__,2004-03-10
2380716,4_____,2003-07-04,____-__-__,____-__-__,____-__-__,____-__-__,____-__-__
2383384,_5____,____-__-__,2005-02-09,____-__-__,____-__-__,____-__-__,____-__-__
2385003,____4_,____-__-__,____-__-__,____-__-__,____-__-__,2004-09-30,____-__-__
2386208,4_____,2003-04-26,____-__-__,____-__-__,____-__-__,____-__-__,____-__-__
2386208,__3__4,____-__-__,____-__-__,2004-11-07,____-__-__,____-__-__,2004-02-16
2390004,_____3,____-__-__,____-__-__,____-__-__,____-__-__,____-__-__,2004-03-14
2390507,4_55__,2004-11-07,____-__-__,2004-10-02,2005-11-02,____-__-__,____-__-__
2390539,_3____,____-__-__,2005-07-25,____-__-__,____-__-__,____-__-__,____-__-__
2396619,3___2_,2005-05-23,____-__-__,____-__-__,____-__-__,2005-03-23,____-__-__
2397168,__5___,____-__-__,____-__-__,2005-09-14,____-__-__,____-__-__,____-__-__
2397663,3_4___,2005-08-23,____-__-__,2005-09-02,____-__-__,____-__-__,____-__-__
2399412,_34___,____-__-__,2005-10-13,2005-12-29,____-__-__,____-__-__,____-__-__
2402249,1____3,2004-12-24,____-__-__,____-__-__,____-__-__,____-__-__,2005-02-09
2406110,244123,2004-11-29,2004-11-26,2004-11-29,2004-11-26,2004-12-23,2004-12-23
2406779,3_54__,2005-03-21,____-__-__,2005-10-21,2005-01-25,____-__-__,____-__-__
2407365,4_5___,2005-09-24,____-__-__,2005-10-16,____-__-__,____-__-__,____-__-__
2408168,4_3___,2005-10-25,____-__-__,2005-10-02,____-__-__,____-__-__,____-__-__
2408694,__4___,____-__-__,____-__-__,2005-11-09,____-__-__,____-__-__,____-__-__
2412997,4_5___,2005-07-26,____-__-__,2005-08-24,____-__-__,____-__-__,____-__-__
2415149,__3___,____-__-__,____-__-__,2005-08-14,____-__-__,____-__-__,____-__-__
2416059,3_____,2004-07-28,____-__-__,____-__-__,____-__-__,____-__-__,____-__-__
2418044,4_____,2004-03-08,____-__-__,____-__-__,____-__-__,____-__-__,____-__-__
2419842,____2_,____-__-__,____-__-__,____-__-__,____-__-__,2005-10-21,____-__-__
2424399,__4___,____-__-__,____-__-__,2005-12-17,____-__-__,____-__-__,____-__-__
2425639,4_____,2005-08-03,____-__-__,____-__-__,____-__-__,____-__-__,____-__-__
2426728,3_5___,2005-07-18,____-__-__,2005-07-31,____-__-__,____-__-__,____-__-__
2429983,_1_11_,____-__-__,2005-07-28,____-__-__,2005-07-28,2005-07-28,____-__-__
2431563,5_____,2003-11-16,____-__-__,____-__-__,____-__-__,____-__-__,____-__-__
2432078,__4___,____-__-__,____-__-__,2005-08-31,____-__-__,____-__-__,____-__-__
2439270,__3___,____-__-__,____-__-__,2005-03-27,____-__-__,____-__-__,____-__-__
2439493,11_111,2003-04-05,2004-08-09,____-__-__,2004-01-03,2003-11-23,2003-12-02
2440340,3_5_2_,2005-02-12,____-__-__,2004-07-17,____-__-__,2004-07-17,____-__-__
2442023,3_23__,2003-12-19,____-__-__,2005-10-28,2005-12-09,____-__-__,____-__-__
2453081,3_234_,2005-05-22,____-__-__,2005-08-27,2005-06-04,2005-06-04,____-__-__
2455340,__4___,____-__-__,____-__-__,2005-09-05,____-__-__,____-__-__,____-__-__
2461146,__45__,____-__-__,____-__-__,2005-12-06,2005-08-24,____-__-__,____-__-__
2463942,1_____,2005-05-18,____-__-__,____-__-__,____-__-__,____-__-__,____-__-__
2467046,____5_,____-__-__,____-__-__,____-__-__,____-__-__,2001-12-17,____-__-__
2470948,__3___,____-__-__,____-__-__,2005-11-30,____-__-__,____-__-__,____-__-__
2473764,_4____,____-__-__,2005-10-15,____-__-__,____-__-__,____-__-__,____-__-__
2485830,__4___,____-__-__,____-__-__,2005-08-26,____-__-__,____-__-__,____-__-__
2487544,___4__,____-__-__,____-__-__,____-__-__,2005-08-19,____-__-__,____-__-__
2491575,3_____,2003-04-16,____-__-__,____-__-__,____-__-__,____-__-__,____-__-__
2492536,__3___,____-__-__,____-__-__,2005-12-05,____-__-__,____-__-__,____-__-__
2499476,__5___,____-__-__,____-__-__,2004-09-07,____-__-__,____-__-__,____-__-__
2501068,5_4___,2004-09-28,____-__-__,2004-10-28,____-__-__,____-__-__,____-__-__
2501330,__44__,____-__-__,____-__-__,2005-09-12,2005-08-29,____-__-__,____-__-__
2503369,234232,2004-11-23,2004-11-02, 2004-12-01,2004-11-23,2004-12-01,2004-11-23
2506964,3_5545,2003-11-23,____-__-__,2004-04-17,2004-01-10,2003-12-13,2004-03-06
2507568,__3___,____-__-__,____-__-__,2005-09-01,____-__-__,____-__-__,____-__-__
2508342,__5___,____-__-__,____-__-__,2005-09-28,____-__-__,____-__-__,____-__-__
2509644,_____1,____-__-__,____-__-__,____-__-__,____-__-__,____-__-__,2004-01-07
2512448,___4__,____-__-__,____-__-__,____-__-__,2004-04-28,____-__-__,____-__-__
2516448,2_____,2005-08-08,____-__-__,____-__-__,____-__-__,____-__-__,____-__-__
2516824,__4___,____-__-__,____-__-__,2005-09-04,____-__-__,____-__-__,____-__-__
2522404,2_2333,2004-10-19,____-__-__,2005-11-29,2005-08-22,2005-11-29,2005-10-11
2522445,_____4,____-__-__,____-__-__,____-__-__,____-__-__,____-__-__,2005-08-06
2524354,__53__,____-__-__,____-__-__,2005-10-22,2005-10-26,____-__-__,____-__-__
2530808,3_____,2004-02-15,____-__-__,____-__-__,____-__-__,____-__-__,____-__-__
2535787,__4___,____-__-__,____-__-__,2005-07-21,____-__-__,____-__-__,____-__-__
2538506,____1_,____-__-__,____-__-__,____-__-__,____-__-__,2005-08-21,____-__-__
2541730,__5___,____-__-__,____-__-__,2005-09-19,____-__-__,____-__-__,____-__-__
2549229,_____4,____-__-__,____-__-__,____-__-__,____-__-__,____-__-__,2005-06-20
2551132,__5___,____-__-__,____-__-__,2005-08-28,____-__-__,____-__-__,____-__-__
2552319,33__3_,2005-04-03,2005-04-03,____-__-__,____-__-__,2005-04-03,____-__-__
2552810,1__3__,2004-10-26,____-__-__,____-__-__,2004-10-26,____-__-__,____-__-__
2560922,1_____,2005-05-02,____-__-__,____-__-__,____-__-__,____-__-__,____-__-__
2562578,__5___,____-__-__,____-__-__,2004-10-14,____-__-__,____-__-__,____-__-__
2567711,_____4,____-__-__,____-__-__,____-__-__,____-__-__,____-__-__,2004-01-23
2570984,___3__,____-__-__,____-__-__,____-__-__,2005-03-01,____-__-__,____-__-__
2574578,__4___,____-__-__,____-__-__,2005-09-21,____-__-__,____-__-__,____-__-__
2575238,4_____,2004-11-14,____-__-__,____-__-__,____-__-__,____-__-__,____-__-__
2580366,__3___,____-__-__,____-__-__,2005-10-18,____-__-__,____-__-__,____-__-__
2580778,____4_,____-__-__,____-__-__,____-__-__,____-__-__,2003-10-18,____-__-__
2582556,__4___,____-__-__,____-__-__,2004-10-17,____-__-__,____-__-__,____-__-__
2587953,__3__3,____-__-__,____-__-__,2004-06-15,____-__-__,____-__-__,2004-08-17
2589159,5___1_,2005-09-20,____-__-__,____-__-__,____-__-__,2005-06-08,____-__-__
2590916,_____4,____-__-__,____-__-__,____-__-__,____-__-__,____-__-__,2004-12-07
2591301,__4___,____-__-__,____-__-__,2004-12-22,____-__-__,____-__-__,____-__-__
2591814,4_5___,2004-03-12,____-__-__,2004-04-10,____-__-__,____-__-__,____-__-__
2591871,3_____,2005-06-20,____-__-__,____-__-__,____-__-__,____-__-__,____-__-__
2592597,__5___,____-__-__,____-__-__,2005-09-23,____-__-__,____-__-__,____-__-__
2594373,1_____,2005-10-25,____-__-__,____-__-__,____-__-__,____-__-__,____-__-__
2595914,3_____,2004-03-16,____-__-__,____-__-__,____-__-__,____-__-__,____-__-__
2598242,__5___,____-__-__,____-__-__,2005-12-29,____-__-__,____-__-__,____-__-__
2602901,2_____,2003-08-05,____-__-__,____-__-__,____-__-__,____-__-__,____-__-__
2604904,__4___,____-__-__,____-__-__,2005-08-31,____-__-__,____-__-__,____-__-__
2606799,___1__,____-__-__,____-__-__,____-__-__,2005-05-16,____-__-__,____-__-__
2609478,2_____,2004-05-11,____-__-__,____-__-__,____-__-__,____-__-__,____-__-__
2614997,__5___,____-__-__,____-__-__,2004-11-07,____-__-__,____-__-__,____-__-__
2620163,__4___,____-__-__,____-__-__,2004-07-14,____-__-__,____-__-__,____-__-__
2621694,__1___,____-__-__,____-__-__,2004-08-01,____-__-__,____-__-__,____-__-__
2625420,222222,2004-06-03,2004-06-03,2004-06-03,2004-06-03,2004-06-03,2004-06-03
2625469,4____3,2004-10-09,____-__-__,____-__-__,____-__-__,____-__-__,2004-05-14
2629961,__5___,____-__-__,____-__-__,2004-08-05,____-__-__,____-__-__,____-__-__
2634517,_____4,____-__-__,____-__-__,____-__-__,____-__-__,____-__-__,2004-02-02
2635943,5_55_5,2004-05-26,____-__-__,2004-05-26,2005-05-16,____-__-__,2004-10-13
2646270,4_5___,2004-01-02,____-__-__,2004-09-09,____-__-__,____-__-__,____-__-__
