No,이름,성별,신장,체중,혈액형,생일,이메일도메인,종교관
1,범준종,남,166.3,65.3,O형,1954-07-30,naver.com,무교
2,김정서,남,173.7,70,B형,1971-02-02,daum.net,천주교
3,이성용,남,170.7,64,O형,1976-03-09,daum.net,불교
4,권현상,여,154.2,58.9,O형,1993-10-19,gmail.com,기독교
5,김준훈,남,165.1,68.8,A형,1946-10-28,daum.net,무교
6,박용희,여,155.5,57.2,AB형,1948-08-29,naver.com,기독교
7,강진택,여,156.1,41.7,B형,1968-07-15,naver.com,불교
8,정정종,여,160.5,52.7,A형,1975-11-12,daum.net,무교
9,정지성,여,153.5,54.1,A형,1994-06-25,gmail.com,무교
10,윤서협,남,171.3,69.3,O형,1992-03-02,yahoo.com,무교
11,채진협,여,161.5,60,B형,1954-11-07,yahoo.com,무교
12,이우준,남,174.3,61.6,A형,1990-08-24,naver.com,천주교
13,이지용,여,154.5,57.3,A형,1952-05-22,yahoo.com,기독교
14,정진우,여,161.8,49.3,A형,1956-09-03,daum.net,무교
15,정훈현,여,165.9,52.9,O형,1954-10-27,gmail.com,무교
16,김진은,남,166.6,64.7,B형,1952-07-25,gmail.com,무교
17,신성현,남,169.1,64,A형,1970-06-11,daum.net,불교
18,서훈서,여,160.4,50.2,B형,1969-09-25,naver.com,기독교
19,정석준,여,154.1,49.5,B형,1968-03-05,yahoo.com,무교
20,박희상,남,166.9,66.8,O형,1952-06-08,yahoo.com,무교
21,노서덕,남,170.2,67.9,B형,1956-04-01,daum.net,기독교
22,김상훈,여,153.9,58.4,AB형,1968-04-14,gmail.com,무교
23,정지상,남,168.2,64.7,A형,1970-04-20,naver.com,무교
24,신희준,여,157.5,48,AB형,1963-07-21,yahoo.com,기독교
25,송현훈,여,153.5,56.8,A형,1954-10-19,daum.net,기독교
26,조훈석,남,180.6,70.5,AB형,1950-05-28,gmail.com,불교
27,박은정,남,178.6,67.6,B형,1957-10-03,naver.com,불교
28,정택영,남,164.1,62.3,B형,1985-07-29,gmail.com,불교
29,박용지,남,169.5,64.8,B형,1981-06-03,yahoo.com,천주교
30,이지정,남,174.5,68.6,B형,1949-10-12,yahoo.com,천주교
31,김지우,남,175,68.3,A형,1980-02-13,gmail.com,기독교
32,김희성,여,146,54.4,B형,1988-08-22,daum.net,기독교
33,최은정,남,180,64.1,O형,1984-05-04,gmail.com,기독교
34,서상영,남,173.9,67.2,A형,1957-03-29,naver.com,불교
35,김희택,여,160.1,59.2,A형,1988-04-18,daum.net,불교
36,장훈준,여,153.4,54.5,B형,1946-12-01,daum.net,불교
37,우훈진,남,165.2,60.9,O형,1957-06-11,gmail.com,불교
38,김용우,남,171.4,69.1,B형,1984-02-22,daum.net,무교
39,박진준,남,167.1,64.7,O형,1962-06-26,naver.com,무교
40,김지성,여,153.4,67.8,A형,1981-05-17,daum.net,기독교
41,윤정훈,여,153.2,62.5,A형,1970-07-26,yahoo.com,기독교
42,성정용,여,154.9,55.5,A형,1995-01-25,gmail.com,무교
43,김서희,여,169.8,54.6,O형,1956-06-13,daum.net,무교
44,이훈지,남,178.6,59.3,A형,1969-02-12,gmail.com,기독교
45,한진성,여,152.9,50.4,B형,1948-04-12,yahoo.com,무교
46,장영상,남,163.7,68.4,AB형,1958-10-16,yahoo.com,무교
47,곽서종,남,175.4,63.8,B형,1993-08-24,yahoo.com,무교
48,안훈용,여,164.5,50.1,O형,1972-03-04,gmail.com,기독교
49,김정지,남,168.9,69.9,AB형,1964-05-21,gmail.com,무교
50,임준지,남,172,65.1,O형,1947-05-26,gmail.com,무교
51,이준용,여,151.1,62.7,A형,1951-03-01,naver.com,무교
52,남서지,여,150.6,57.3,B형,1955-01-14,naver.com,불교
53,최남훈,여,154.1,48.6,A형,1967-06-12,daum.net,무교
54,노성희,남,179.8,63.2,B형,1968-08-28,daum.net,천주교
55,김진준,남,173.7,60.2,O형,1989-12-21,gmail.com,무교
56,지택협,여,151.7,63.2,A형,1946-09-21,yahoo.com,무교
57,박택종,남,165.4,64.3,A형,1953-07-20,gmail.com,불교
58,김은남,여,149.5,59.7,A형,1992-07-14,gmail.com,기독교
59,이용종,남,171.1,71.4,A형,1984-10-16,yahoo.com,무교
60,박준지,남,168,74.5,B형,1964-07-19,yahoo.com,무교
61,김남훈,남,175.8,56.7,B형,1957-01-17,naver.com,불교
62,서영덕,남,177.4,69.7,A형,1952-09-23,yahoo.com,불교
63,이협영,여,159.4,60.3,B형,1957-04-28,daum.net,기독교
64,최훈상,남,171,67.9,O형,1986-08-10,naver.com,무교
65,김덕협,남,166.1,63.1,O형,1976-11-20,yahoo.com,기독교
66,이성은,남,162.7,68.7,A형,1981-03-19,naver.com,불교
67,이준훈,여,154.6,53.4,A형,1965-01-23,gmail.com,천주교
68,이종석,여,160.2,49.7,O형,1988-01-18,gmail.com,기독교
69,이종훈,남,163.1,62.4,B형,1955-11-16,daum.net,무교
70,최성우,여,163.1,51.8,B형,1948-09-28,naver.com,불교
71,소남지,남,173.6,68.1,A형,1988-11-30,naver.com,불교
72,이훈희,여,152.7,58.1,A형,1980-10-23,daum.net,불교
73,민영성,여,156.1,51.5,B형,1983-01-16,naver.com,기독교
74,신상석,여,159.5,50.3,B형,1969-06-27,naver.com,불교
75,김정종,남,172.3,65.1,O형,1993-12-26,daum.net,무교
76,허정성,남,173.2,65.4,O형,1959-09-10,yahoo.com,불교
77,박상지,여,160.8,54.9,O형,1967-05-17,gmail.com,천주교
78,이지현,남,172.4,68,A형,1974-08-31,daum.net,기독교
79,김영정,여,153.8,53.9,A형,1985-01-07,daum.net,무교
80,장영지,남,168.6,58.1,O형,1972-01-30,daum.net,기독교
81,이희영,남,177.6,67.2,B형,1995-07-01,naver.com,기독교
82,최덕석,남,175.2,64.5,A형,1962-01-14,daum.net,무교
83,김현지,여,147.1,50.2,B형,1982-04-21,daum.net,무교
84,오석훈,여,155.9,57.3,A형,1973-12-31,gmail.com,기독교
85,박서남,남,170.8,76.4,B형,1972-06-06,gmail.com,불교
86,류진지,여,153.6,56.5,A형,1976-05-22,daum.net,기독교
87,서지정,여,159,54.2,B형,1991-07-19,naver.com,천주교
88,이협서,남,159.1,71.2,B형,1989-10-20,daum.net,불교
89,박지택,여,140,54.8,B형,1995-04-07,naver.com,무교
90,강석훈,여,156.4,49.1,B형,1953-02-26,yahoo.com,기독교
91,신남진,여,154,60.1,A형,1961-01-14,gmail.com,불교
92,신용택,여,155.6,50.2,B형,1984-11-17,gmail.com,기독교
93,최상용,남,167.9,67.5,A형,1953-11-23,daum.net,무교
94,박은지,남,172.4,60.8,B형,1969-11-24,yahoo.com,불교
95,박지남,여,156.3,53.6,O형,1969-10-25,naver.com,무교
96,오은현,여,148.4,54,B형,1946-11-19,gmail.com,무교
97,조현영,남,164,72.6,B형,1947-06-10,gmail.com,기독교
98,박준택,남,170.6,64.2,A형,1968-11-22,gmail.com,기독교
99,진용협,남,168.4,62.3,A형,1985-09-06,daum.net,천주교
100,한희은,여,153.7,59.6,AB형,1973-06-12,yahoo.com,기독교
101,최희지,여,149.5,53.8,A형,1992-08-26,naver.com,불교
102,장은희,여,149.3,53.3,O형,1980-10-18,naver.com,무교
103,고희정,여,158.5,55.9,B형,1978-03-15,gmail.com,천주교
104,신덕희,남,170.8,65.5,O형,1989-11-16,daum.net,무교
105,김석진,여,153.3,59.8,A형,1996-04-01,gmail.com,무교
106,김준덕,남,172.2,57.8,B형,1957-01-26,yahoo.com,기독교
107,강성은,여,161.1,54.8,A형,1959-02-28,gmail.com,불교
108,정은협,남,176.8,59.7,A형,1992-02-11,naver.com,기독교
109,성용희,여,149.7,52.8,A형,1955-04-20,naver.com,무교
110,강우서,여,160.9,58,AB형,1964-04-07,yahoo.com,무교
111,이진훈,여,151.6,59.8,A형,1949-05-04,gmail.com,무교
112,나석훈,남,172.8,57.9,A형,1966-02-19,naver.com,무교
113,문진훈,여,153.1,47.6,B형,1961-03-19,yahoo.com,무교
114,박희종,남,160.7,69.3,O형,1995-02-08,gmail.com,불교
115,김남현,남,172.1,63.5,A형,1968-07-02,gmail.com,기독교
116,김택현,여,155.5,45.2,O형,1956-10-06,daum.net,기독교
117,이상용,여,160.9,50.2,O형,1956-02-24,gmail.com,무교
118,채석은,남,166.2,65.6,O형,1972-09-01,daum.net,무교
119,이현진,남,155.5,67.7,B형,1958-08-17,gmail.com,무교
120,김준남,여,154.4,50.5,B형,1974-10-17,yahoo.com,기독교
121,김훈용,남,179.3,72.7,O형,1955-06-28,gmail.com,천주교
122,김상준,남,168.6,69.9,A형,1960-02-23,yahoo.com,천주교
123,박상성,여,153.2,50.9,B형,1957-09-30,yahoo.com,기독교
124,김우지,남,171.6,62.3,O형,1977-02-07,yahoo.com,불교
125,이현협,여,153.4,59.3,O형,1985-10-23,daum.net,불교
126,김영우,여,158.6,54.1,B형,1946-04-21,gmail.com,무교
127,윤진택,남,170.5,65.1,A형,1954-12-11,naver.com,무교
128,김정석,남,177,65.9,O형,1964-10-21,yahoo.com,무교
129,최희훈,남,178,66,O형,1988-06-24,gmail.com,천주교
130,이정준,여,155.9,45.4,O형,1960-04-20,naver.com,불교
131,정훈석,여,155,57.6,O형,1996-02-07,naver.com,무교
132,최석현,여,159.6,51.2,AB형,1986-10-30,gmail.com,불교
133,박우남,여,152.7,52.6,B형,1953-09-22,yahoo.com,불교
134,어상준,남,163.7,58.2,B형,1973-01-15,gmail.com,무교
135,권서훈,남,176,65.5,B형,1947-04-18,yahoo.com,무교
136,박희준,여,159.9,55.6,A형,1960-02-05,daum.net,불교
137,백훈영,남,173.3,65.4,A형,1959-02-11,naver.com,불교
138,이준석,여,155.6,54.7,AB형,1956-04-22,yahoo.com,무교
139,최남준,남,183.7,62.8,B형,1954-08-20,yahoo.com,기독교
140,박훈상,남,178.9,63.1,O형,1981-08-17,naver.com,무교
141,김석용,여,158.5,60.8,A형,1983-04-20,yahoo.com,무교
142,정지은,여,160.3,53.3,A형,1958-05-28,yahoo.com,무교
143,최덕성,남,162.1,65.5,A형,1964-09-24,daum.net,기독교
144,배남준,여,150.4,53.8,A형,1966-02-10,daum.net,천주교
145,조종현,남,173.5,65.4,B형,1976-08-17,naver.com,기독교
146,김덕서,남,168.8,63.8,B형,1977-07-18,yahoo.com,무교
147,오서남,여,157.3,53.1,A형,1969-07-25,gmail.com,무교
148,서지협,남,160.8,69.6,A형,1984-10-21,naver.com,불교
149,박훈남,남,164.3,67,O형,1968-02-12,yahoo.com,천주교
150,박상지,남,178.1,70,B형,1976-12-09,gmail.com,불교
151,진종영,남,174,69.7,A형,1985-11-08,yahoo.com,기독교
152,박택진,여,157.3,49.7,B형,1958-09-29,daum.net,기독교
153,이희택,여,150.6,46.9,A형,1969-11-16,yahoo.com,무교
154,백용종,여,161.7,50.4,A형,1956-04-17,yahoo.com,무교
155,최협택,남,161.7,70.5,B형,1979-12-23,daum.net,불교
156,최훈지,남,170.1,66,A형,1975-12-06,yahoo.com,기독교
157,장덕현,여,164.6,60.9,O형,1951-11-24,yahoo.com,무교
158,박현은,남,167.6,66.7,O형,1948-01-04,gmail.com,무교
159,안희협,남,170.2,61,O형,1968-06-08,daum.net,불교
160,송석현,여,155.1,51.6,B형,1952-03-27,naver.com,기독교
161,김영성,남,173.3,64.6,O형,1969-03-08,naver.com,무교
162,박준희,여,151.6,62.6,A형,1981-08-30,daum.net,기독교
163,염정희,남,170.6,65.2,B형,1970-08-20,gmail.com,기독교
164,이훈협,여,163.4,60.4,A형,1958-08-16,gmail.com,무교
165,최협택,여,154,48.8,O형,1954-06-07,naver.com,무교
166,장종은,남,171.9,64.2,AB형,1985-11-12,naver.com,무교
167,조현협,여,161.2,58.2,O형,1987-10-13,yahoo.com,기독교
168,송정택,남,170.8,62.7,A형,1969-01-25,naver.com,기독교
169,김훈서,여,157.8,59.1,A형,1982-10-11,naver.com,무교
170,이준정,여,157.6,57,A형,1946-12-02,naver.com,무교
171,김종덕,여,159.8,61.3,AB형,1953-07-15,naver.com,불교
172,박정훈,여,162.3,54.8,O형,1982-09-26,yahoo.com,무교
173,이준상,남,164.3,68.9,B형,1985-06-09,daum.net,무교
174,류협지,남,179.1,61.1,A형,1980-09-27,naver.com,무교
175,윤은정,남,163.6,61.3,A형,1951-06-01,daum.net,무교
176,권준정,여,153.3,51.3,AB형,1982-09-29,daum.net,불교
177,박준용,남,174,61.6,O형,1966-10-26,gmail.com,천주교
178,서상지,여,167.9,53.2,A형,1953-11-07,naver.com,불교
179,이우훈,여,161.4,54.6,A형,1982-03-20,daum.net,기독교
180,장훈남,남,174.8,63.8,AB형,1992-08-12,naver.com,무교
181,박종준,여,154.7,58.1,B형,1963-09-08,daum.net,무교
182,임훈지,남,162.4,67.6,AB형,1990-05-24,daum.net,천주교
183,정희지,남,170.9,69.5,A형,1977-07-11,naver.com,천주교
184,정현덕,남,164.4,73.4,A형,1977-06-14,gmail.com,무교
185,신현지,남,165.8,60.6,O형,1949-12-11,gmail.com,무교
186,이종진,여,157.8,53.3,A형,1959-12-04,daum.net,불교
187,이영준,여,157,54.2,AB형,1948-12-20,yahoo.com,기독교
188,김진우,남,168.2,65.5,B형,1974-11-08,yahoo.com,무교
189,곽훈준,여,160.6,60.5,A형,1964-09-20,gmail.com,불교
190,이은성,남,160.2,60.1,A형,1985-08-10,gmail.com,천주교
191,김덕지,남,168.5,68.6,B형,1961-03-06,yahoo.com,무교
192,이훈은,여,152.6,52,A형,1973-12-24,daum.net,천주교
193,이석종,남,178.2,69,O형,1959-07-01,yahoo.com,무교
194,이은훈,여,166.1,57.7,A형,1980-06-27,gmail.com,무교
195,서준석,여,152.5,60.3,B형,1953-03-15,yahoo.com,기독교
196,서지은,여,160.7,52.6,B형,1952-04-29,gmail.com,무교
197,이지훈,남,164.7,67.7,A형,1969-06-25,gmail.com,무교
198,김지성,남,173.7,55.2,A형,1963-11-28,gmail.com,무교
199,홍지정,남,172.5,69.6,A형,1975-09-04,naver.com,기독교
200,박훈지,여,151.8,55.1,O형,1962-02-10,daum.net,무교
201,양종현,여,161.7,50.5,B형,1963-06-19,yahoo.com,무교
202,홍종현,남,164.3,70.1,O형,1971-03-27,yahoo.com,무교
203,정훈정,남,169.8,69,O형,1951-04-02,daum.net,무교
204,박서현,여,153.1,52.9,A형,1952-12-27,naver.com,불교
205,김석성,여,150.6,55.9,O형,1955-07-23,yahoo.com,천주교
206,김준성,여,150.4,58.6,A형,1949-03-07,naver.com,불교
207,강남희,남,167.4,61.1,O형,1959-07-24,gmail.com,무교
208,서종훈,남,167.9,65.9,O형,1957-07-10,naver.com,불교
209,김준지,남,170.3,67.6,AB형,1958-02-09,gmail.com,기독교
210,이남진,남,171.4,64,B형,1959-11-27,gmail.com,무교
211,김덕정,여,159.3,51.5,B형,1976-09-20,naver.com,무교
212,최현영,여,153.1,56.2,A형,1975-12-14,gmail.com,불교
213,권지현,여,154.9,59.5,O형,1984-05-14,yahoo.com,무교
214,전성현,남,175.6,70.1,A형,1963-11-10,naver.com,무교
215,박우협,여,151.3,59.8,A형,1992-03-26,yahoo.com,기독교
216,이영우,여,167,61.1,O형,1990-10-17,daum.net,무교
217,조지성,여,149.5,58.2,O형,1972-08-17,gmail.com,무교
218,정석진,여,158.8,60.1,B형,1970-07-06,daum.net,불교
219,신지진,남,176,65.5,A형,1981-12-27,naver.com,불교
220,이지용,여,158.7,56.5,O형,1991-07-26,naver.com,기독교
221,박덕택,여,150.9,55.7,A형,1948-07-09,daum.net,불교
222,임덕남,여,149.6,52.4,B형,1953-10-12,gmail.com,불교
223,이훈준,남,169.3,64.8,A형,1986-04-22,yahoo.com,무교
224,이정진,남,168.8,71.5,A형,1990-09-08,yahoo.com,기독교
225,조준택,남,176.4,59,A형,1948-01-01,daum.net,불교
226,임희상,여,155.4,52.7,O형,1989-12-18,daum.net,기독교
227,김남덕,남,183.1,68.8,O형,1991-06-13,naver.com,무교
228,오상정,남,170.6,64.2,B형,1947-05-07,naver.com,기독교
229,이준성,남,171.5,66.6,B형,1948-01-03,yahoo.com,기독교
230,송정진,남,174.6,70.8,AB형,1980-11-16,naver.com,무교
231,이준용,남,169.9,68.2,O형,1958-07-21,yahoo.com,불교
232,이협현,남,175.3,68.9,A형,1982-09-11,daum.net,불교
233,황남지,남,178.9,69.1,A형,1962-07-05,daum.net,무교
234,고준협,여,152.4,51.6,B형,1994-08-17,gmail.com,불교
235,노지훈,남,171.2,76.7,O형,1958-10-12,naver.com,무교
236,손서훈,여,155.5,56.1,A형,1985-04-19,yahoo.com,무교
237,박서지,여,155.7,56.7,A형,1958-06-14,gmail.com,불교
238,김훈준,남,169.5,61.5,A형,1963-10-13,gmail.com,무교
239,정서석,여,152.1,54.9,A형,1984-02-14,yahoo.com,기독교
240,박석정,여,153.8,61.7,A형,1973-05-18,naver.com,무교
241,조진택,여,156,54.6,AB형,1950-03-16,gmail.com,불교
242,정지은,남,177.6,78,B형,1965-10-04,yahoo.com,무교
243,구훈희,여,147.8,57.2,AB형,1949-10-31,yahoo.com,기독교
244,김서정,여,155.9,53.5,A형,1987-12-28,naver.com,무교
245,신훈은,남,170.4,65.4,O형,1966-04-20,yahoo.com,불교
246,송지석,여,152.8,56.8,B형,1996-12-03,gmail.com,기독교
247,박남준,남,171.1,67.5,B형,1983-11-19,gmail.com,기독교
248,박훈지,남,177.1,65.9,AB형,1968-05-07,daum.net,무교
249,정성지,남,174.8,69.5,A형,1995-03-14,daum.net,기독교
250,전진현,여,151.7,54.9,A형,1971-04-25,yahoo.com,기독교
251,노현준,남,170.1,67.8,O형,1991-02-12,daum.net,불교
252,최진남,남,175.8,69.8,O형,1963-10-09,yahoo.com,불교
253,이준정,남,173.5,68.3,O형,1994-05-23,gmail.com,불교
254,최서훈,여,156.1,56.5,B형,1951-06-24,naver.com,무교
255,최영훈,남,165,71.8,O형,1971-06-23,daum.net,무교
256,홍영용,남,170.7,65,A형,1988-02-17,gmail.com,무교
257,김남현,여,156.9,55.4,O형,1958-11-04,naver.com,기독교
258,강준우,남,161.9,65.9,B형,1990-07-19,daum.net,천주교
259,안현상,남,164.1,70.7,O형,1947-12-08,daum.net,기독교
260,서훈영,여,160.9,50.7,A형,1986-12-27,gmail.com,무교
261,음우정,여,150.8,56.5,A형,1950-03-25,naver.com,무교
262,김남현,여,148.1,48,B형,1991-12-02,yahoo.com,천주교
263,김진남,여,152.7,57.3,B형,1990-10-13,naver.com,불교
264,이현택,남,166,70.5,A형,1969-09-19,naver.com,불교
265,김덕지,여,151.2,56.3,O형,1992-04-11,naver.com,무교
266,박용서,남,166.5,67.3,A형,1967-09-24,naver.com,무교
267,한용진,남,170.4,70.1,A형,1979-11-22,naver.com,무교
268,이준택,남,169.1,67.4,A형,1954-12-13,gmail.com,무교
269,오진준,남,174.9,67.5,B형,1964-10-28,gmail.com,무교
270,이남희,남,157.4,67.6,O형,1982-10-22,naver.com,무교
271,김지현,여,158.8,52.9,A형,1963-03-09,gmail.com,불교
272,남서훈,여,159.4,57.7,A형,1991-05-07,gmail.com,무교
273,나희준,남,155,66.1,O형,1966-04-11,gmail.com,무교
274,김남진,여,153.8,45.1,AB형,1984-09-01,gmail.com,무교
275,송남정,여,158.6,54,A형,1955-06-29,gmail.com,불교
276,안현준,남,168.5,69.3,A형,1972-11-17,naver.com,천주교
277,정진은,남,168.5,61,B형,1983-07-26,naver.com,불교
278,김준영,남,170,65.7,O형,1951-10-18,naver.com,무교
279,김진준,여,159.3,54.3,B형,1979-09-16,gmail.com,기독교
280,서준지,남,170.7,70.2,B형,1972-10-25,gmail.com,불교
281,양협우,남,172.5,70.4,O형,1957-05-18,yahoo.com,기독교
282,이우덕,남,172.8,63.7,A형,1980-04-18,daum.net,무교
283,최남덕,남,170.9,62.9,O형,1982-09-22,yahoo.com,기독교
284,전영상,남,166.9,69.1,B형,1993-08-12,naver.com,무교
285,임석지,남,175.7,70.8,A형,1955-06-06,gmail.com,불교
286,최택서,남,169.8,63.3,O형,1974-09-14,daum.net,기독교
287,박훈덕,여,157.6,51.2,B형,1956-10-23,daum.net,기독교
288,이용은,여,152.4,53,AB형,1951-08-04,yahoo.com,무교
289,송협덕,여,153.3,52.5,AB형,1952-06-30,naver.com,무교
290,정남지,여,163.3,53.3,O형,1968-01-10,daum.net,무교
291,정지우,남,170.2,65.6,O형,1978-03-18,daum.net,무교
292,유정훈,여,160.1,54.1,AB형,1970-05-01,yahoo.com,무교
293,김훈상,남,172,61.9,A형,1947-09-23,daum.net,무교
294,강서석,여,148.1,52.7,AB형,1966-03-07,naver.com,불교
295,조석현,남,179.3,63.5,B형,1972-09-13,yahoo.com,무교
296,김협석,여,151.2,57.7,B형,1961-06-22,daum.net,기독교
297,박종정,남,170.6,60,A형,1984-04-24,yahoo.com,무교
298,고우진,남,176,55.4,AB형,1949-08-23,yahoo.com,천주교
299,조정훈,남,168.7,61.6,B형,1947-04-29,naver.com,기독교
300,조정준,여,165.3,60.6,O형,1994-08-12,naver.com,무교
301,문성택,여,153.5,55.3,A형,1955-06-30,gmail.com,무교
302,최남영,남,169.3,66.2,A형,1972-08-22,daum.net,무교
303,이정서,여,155.6,53.9,A형,1980-05-31,gmail.com,불교
304,박성은,여,152.3,55.8,AB형,1948-03-13,daum.net,무교
305,박협영,여,158.6,53.3,A형,1949-03-27,gmail.com,불교
306,오진서,여,160.5,55.7,O형,1990-06-03,daum.net,무교
307,박현지,여,155.5,60.9,B형,1957-08-06,daum.net,무교
308,이서정,남,168.4,68.8,A형,1976-11-23,gmail.com,불교
309,전현영,남,173.7,67.8,A형,1963-02-13,gmail.com,무교
310,박상희,남,162.6,54.9,O형,1993-04-26,daum.net,천주교
311,송지석,남,181.6,76.8,A형,1974-04-12,daum.net,기독교
312,권훈준,여,152.3,53.5,O형,1953-04-27,yahoo.com,무교
313,이지은,남,168.6,69.9,A형,1994-05-27,daum.net,무교
314,최덕용,남,172,61.7,B형,1961-09-24,yahoo.com,무교
315,서지훈,여,158.8,55,O형,1985-03-30,yahoo.com,기독교
316,류지영,여,162,52.3,B형,1947-03-06,yahoo.com,천주교
317,황지협,남,169.2,70,A형,1984-04-24,daum.net,무교
318,손지종,여,159.6,59.5,B형,1966-06-13,daum.net,불교
319,연정훈,여,162,60.6,B형,1981-08-02,yahoo.com,불교
320,남훈석,여,155.3,48.7,A형,1981-08-13,yahoo.com,무교
321,신진택,여,162.9,43.5,A형,1990-06-17,daum.net,불교
322,최희진,남,160.9,62.9,O형,1955-09-17,daum.net,기독교
323,류우은,여,148.8,55.7,B형,1964-06-22,yahoo.com,무교
324,이덕지,여,159.4,54.8,O형,1947-08-07,yahoo.com,무교
325,김덕협,남,166.6,69.3,A형,1973-08-28,naver.com,무교
326,박진협,여,153.6,50.6,A형,1972-02-02,naver.com,무교
327,서협종,남,179.7,67.8,B형,1991-04-28,naver.com,기독교
328,홍훈남,남,174.2,62.5,A형,1971-05-24,yahoo.com,무교
329,손서지,남,169.4,66.9,A형,1977-06-28,gmail.com,불교
330,서성용,여,155,59.2,B형,1984-07-02,daum.net,무교
331,류남준,여,157,53.4,B형,1988-10-28,daum.net,무교
332,조덕성,남,175.1,63.4,B형,1987-06-01,gmail.com,무교
333,조정종,여,155.2,55.2,O형,1985-10-23,gmail.com,기독교
334,이준정,남,178.4,68.2,B형,1992-02-04,daum.net,기독교
335,한영협,남,172,65,AB형,1970-06-22,gmail.com,무교
336,이지택,여,152.1,58.5,AB형,1950-07-21,yahoo.com,불교
337,김준정,여,158,59.9,A형,1987-07-12,gmail.com,불교
338,고훈택,남,167.1,65.3,B형,1992-04-02,yahoo.com,무교
339,이택덕,남,172.4,51.4,B형,1957-03-22,gmail.com,무교
340,이지진,여,161.6,53.6,O형,1951-09-12,yahoo.com,불교
341,여용택,여,164.5,55.8,O형,1988-11-22,yahoo.com,기독교
342,윤준용,남,164.8,64.4,A형,1971-10-21,daum.net,무교
343,김지정,여,160.8,53.8,A형,1991-11-06,naver.com,기독교
344,김훈지,여,153.4,54.6,AB형,1980-08-08,naver.com,무교
345,박성희,여,162.4,58.7,O형,1972-09-20,daum.net,불교
346,김남덕,남,166.1,64.1,A형,1963-07-16,naver.com,불교
347,김상희,남,171.2,67.9,A형,1954-10-11,naver.com,기독교
348,홍정종,남,167.1,68.6,O형,1958-08-05,naver.com,기독교
349,최택은,여,160.8,56.4,A형,1954-03-10,yahoo.com,무교
350,오준훈,여,160.8,50.4,O형,1954-01-12,gmail.com,불교
351,최용은,남,170.5,64.4,A형,1965-05-05,daum.net,기독교
352,박택남,여,152.7,54.7,AB형,1975-07-04,gmail.com,불교
353,김택석,여,157.6,55.7,A형,1957-05-13,gmail.com,불교
354,이희훈,여,158.6,55.5,B형,1961-11-22,yahoo.com,무교
355,류용우,남,174.2,64.9,A형,1971-08-12,yahoo.com,무교
356,김서훈,여,160.5,53.1,B형,1963-03-14,naver.com,불교
357,문상지,여,158.3,65.7,A형,1948-09-07,naver.com,불교
358,장상훈,남,173.4,66.7,AB형,1979-09-03,daum.net,무교
359,김현서,여,160.7,57.1,B형,1951-03-10,naver.com,기독교
360,김은덕,여,156.7,53.6,O형,1952-07-12,gmail.com,기독교
361,김서현,남,167.4,61.5,A형,1949-12-22,gmail.com,기독교
362,이지용,남,174.6,65.2,O형,1971-01-31,gmail.com,무교
363,김성종,남,173.5,68,B형,1988-07-08,naver.com,무교
364,김덕훈,여,149.5,55,O형,1983-03-03,gmail.com,무교
365,한희성,여,155.2,44.5,B형,1958-09-20,daum.net,기독교
366,김서협,남,167.2,74.3,A형,1979-05-08,daum.net,무교
367,김석은,여,155.9,60.4,O형,1956-07-01,gmail.com,불교
368,류지석,남,176.5,69.6,AB형,1967-02-10,gmail.com,무교
369,안남택,남,169.3,68.8,A형,1981-11-29,daum.net,불교
370,도준지,여,151.6,50.4,B형,1981-12-10,naver.com,불교
371,문희남,여,149.6,54,B형,1971-02-06,yahoo.com,불교
372,이준지,여,160.6,49.9,A형,1964-11-01,yahoo.com,무교
373,유석영,남,168.4,63.6,B형,1991-01-16,daum.net,불교
374,최지종,여,164.2,53.9,AB형,1972-06-26,yahoo.com,무교
375,이택훈,남,174.5,63.1,O형,1946-11-06,gmail.com,무교
376,김용희,남,168.8,66.9,A형,1979-12-12,daum.net,무교
377,김준용,남,157.4,68.5,O형,1977-01-19,gmail.com,무교
378,김택진,남,164.1,64.8,AB형,1983-04-29,yahoo.com,불교
379,고택상,남,171.9,70.4,O형,1946-04-09,gmail.com,무교
380,노협정,여,155.9,51.8,A형,1970-04-03,naver.com,무교
381,이희진,여,162.4,58.5,A형,1993-08-19,gmail.com,기독교
382,박용종,여,156,60.2,A형,1981-09-03,gmail.com,무교
383,김희영,여,155.9,58.3,A형,1956-11-07,yahoo.com,천주교
384,강희진,여,146.4,49.7,B형,1950-12-21,daum.net,무교
385,정훈종,여,147.5,63.3,A형,1971-03-08,yahoo.com,무교
386,서남희,여,152.7,59.8,A형,1953-07-25,yahoo.com,불교
387,김지영,남,162.7,62.3,A형,1993-07-08,yahoo.com,불교
388,엄덕훈,남,166.5,64.3,O형,1978-07-28,gmail.com,기독교
389,전훈상,남,175.1,63.8,AB형,1963-03-03,naver.com,불교
390,윤덕준,여,161.3,50.1,B형,1960-05-04,daum.net,불교
391,장진서,여,158.9,54,B형,1966-08-02,daum.net,불교
392,백석정,여,148.9,58.9,O형,1994-11-07,daum.net,무교
393,김남상,여,156.9,58.4,A형,1993-05-26,naver.com,불교
394,정택덕,여,154.1,55.9,B형,1967-11-20,gmail.com,무교
395,이은훈,남,162.4,69.8,O형,1976-06-22,yahoo.com,불교
396,김종상,남,173.7,65.3,A형,1989-08-19,gmail.com,무교
397,허은준,남,165.6,63.6,B형,1996-04-18,naver.com,불교
398,남우준,여,161.6,52.9,A형,1975-07-15,yahoo.com,무교
399,설은준,여,148.8,58.9,A형,1979-01-04,gmail.com,기독교
400,나훈준,여,155.7,56.1,AB형,1951-09-02,naver.com,무교
401,고상석,여,154.5,53.9,AB형,1992-12-30,gmail.com,무교
402,강택성,여,147.9,57.8,O형,1981-02-09,daum.net,무교
403,사성준,여,146.6,52.1,O형,1955-01-28,yahoo.com,기독교
404,허상협,여,156.1,59.9,B형,1972-06-11,gmail.com,천주교
405,남진훈,남,173.5,74.8,B형,1987-12-10,yahoo.com,무교
406,조정석,여,162.1,61,O형,1985-09-07,yahoo.com,기독교
407,조석택,남,176.9,60.6,O형,1985-08-10,yahoo.com,불교
408,강지종,남,165.8,76.1,A형,1989-07-13,yahoo.com,무교
409,조영석,여,153.1,51.1,O형,1947-06-29,daum.net,무교
410,이준덕,남,172.9,61.4,B형,1981-05-16,gmail.com,불교
411,임용진,여,156.4,50.8,A형,1992-08-06,naver.com,무교
412,양서남,남,174.5,66.6,AB형,1966-03-25,naver.com,무교
413,김택상,여,148.6,54.5,A형,1947-06-27,gmail.com,무교
414,황서남,여,154,53.3,AB형,1960-04-02,yahoo.com,무교
415,조준용,여,152.2,55.8,A형,1956-06-10,gmail.com,무교
416,이은용,남,172.6,66.5,B형,1993-01-08,naver.com,불교
417,지영덕,남,173,67.2,A형,1967-07-10,naver.com,불교
418,이덕택,남,168.1,57,AB형,1983-01-26,daum.net,무교
419,장석용,남,165.8,61.8,B형,1963-04-14,daum.net,무교
420,최지준,남,177.8,61.7,O형,1946-11-18,gmail.com,무교
421,최훈준,여,162.3,50,O형,1973-08-28,daum.net,무교
422,김영정,남,183.1,64.8,A형,1962-06-15,gmail.com,무교
423,고준석,남,167.1,64.3,B형,1953-05-18,gmail.com,무교
424,배준용,남,167.2,60.9,AB형,1957-04-07,gmail.com,기독교
425,윤준협,여,150.5,54.2,AB형,1956-06-12,gmail.com,무교
426,성훈영,남,169.6,63.3,A형,1946-09-06,gmail.com,불교
427,장지준,여,153.9,53.5,O형,1971-09-03,naver.com,무교
428,이종은,남,164.5,64.4,O형,1963-07-15,yahoo.com,기독교
429,박은현,여,152.6,55.5,A형,1950-06-13,yahoo.com,불교
430,이준희,여,163.7,57.2,A형,1959-08-18,gmail.com,무교
431,배지상,남,165.3,66.3,AB형,1988-02-12,gmail.com,무교
432,최준현,남,168.8,74.3,A형,1988-04-19,gmail.com,무교
433,조용지,여,149.5,51.2,A형,1954-10-08,daum.net,무교
434,김진상,남,168,64.2,O형,1981-08-14,naver.com,불교
435,박협지,여,147.6,57.3,O형,1958-01-23,naver.com,기독교
436,조훈정,남,176.8,68.2,B형,1950-05-06,gmail.com,무교
437,문남희,여,152.9,54,A형,1993-01-20,daum.net,기독교
438,신덕훈,여,154.5,52.5,B형,1965-09-23,naver.com,무교
439,이상석,여,161.2,55.9,A형,1980-09-04,gmail.com,불교
440,신성은,남,163.7,62.2,O형,1960-09-14,gmail.com,무교
441,윤준진,여,158.9,49,A형,1990-12-19,yahoo.com,불교
442,황상택,여,149.2,47.4,A형,1987-06-03,daum.net,무교
443,박진영,여,152.4,58.7,A형,1946-01-28,naver.com,기독교
444,신상지,남,164.4,55.9,B형,1966-01-30,gmail.com,무교
445,이희정,남,175.9,62.9,A형,1960-06-27,daum.net,무교
446,이석준,남,167.7,66.5,B형,1964-06-23,daum.net,무교
447,박현진,남,173,65,B형,1990-03-16,gmail.com,기독교
448,최현지,남,172.7,69.3,O형,1971-07-30,gmail.com,불교
449,박성현,여,151,51.6,O형,1996-07-13,gmail.com,천주교
450,한협상,남,172.5,65.5,A형,1960-06-06,naver.com,기독교
451,이상현,남,174.6,61.5,A형,1954-03-24,yahoo.com,무교
452,김성남,남,174.6,64,A형,1995-11-29,daum.net,무교
453,정진현,남,170.9,70.1,B형,1994-07-20,yahoo.com,불교
454,김종현,여,163.9,61.1,AB형,1977-04-04,naver.com,무교
455,이진준,여,150.1,51.7,A형,1985-05-16,daum.net,불교
456,김남협,여,155.9,51.2,O형,1982-12-02,gmail.com,무교
457,박현지,여,152.9,47.1,B형,1947-05-11,yahoo.com,불교
458,김은정,여,160.7,50.4,A형,1995-11-08,yahoo.com,기독교
459,박훈서,여,156.9,54.9,AB형,1988-07-06,yahoo.com,무교
460,남용훈,남,172.8,69.5,A형,1972-09-14,gmail.com,무교
461,안성서,남,173.3,68.8,A형,1953-04-25,yahoo.com,불교
462,최준서,여,156.3,59.3,O형,1947-02-11,yahoo.com,불교
463,최상훈,여,160.9,56.1,B형,1958-04-05,daum.net,기독교
464,고준훈,여,155.2,59.7,A형,1958-11-06,gmail.com,기독교
465,이준용,여,158.1,56.8,B형,1962-12-07,gmail.com,무교
466,박종정,남,175,60.6,AB형,1980-11-12,naver.com,기독교
467,박지용,남,166.3,63.9,B형,1968-12-09,gmail.com,불교
468,황석우,남,166.8,62.1,A형,1988-09-15,daum.net,불교
469,서훈현,남,152.5,61.9,B형,1970-11-18,yahoo.com,무교
470,김훈영,남,171.5,60.9,O형,1990-11-08,daum.net,무교
471,이덕협,남,169,65.8,B형,1986-09-21,naver.com,무교
472,김은석,남,156.1,61.7,O형,1947-01-20,naver.com,무교
473,성진훈,남,171.1,75.3,B형,1965-03-14,naver.com,무교
474,채택준,남,175.6,65.7,O형,1949-12-24,gmail.com,불교
475,김희종,여,155.6,55.9,A형,1991-07-30,daum.net,기독교
476,김지현,남,170.5,73.2,O형,1957-10-05,daum.net,무교
477,서석종,여,156.2,51.7,AB형,1981-11-22,naver.com,불교
478,김상영,여,150.6,60.9,B형,1996-09-29,yahoo.com,무교
479,강희용,여,166.2,54.6,B형,1993-10-12,naver.com,기독교
480,남궁희,남,166.8,69.2,O형,1988-11-16,naver.com,무교
481,박진서,여,153.8,52.6,A형,1958-11-10,gmail.com,불교
482,윤성택,남,174.5,65.6,A형,1955-07-11,daum.net,불교
483,박용상,여,159.8,55.4,A형,1994-08-11,yahoo.com,천주교
484,엄종서,여,144,44.7,O형,1946-09-13,daum.net,기독교
485,윤훈남,남,176.8,65.4,AB형,1955-01-07,gmail.com,천주교
486,김우남,남,167.9,61.2,O형,1959-04-28,daum.net,무교
487,천상남,남,166.5,65,B형,1975-06-06,daum.net,무교
488,김상준,남,165.2,73.3,O형,1975-03-23,yahoo.com,불교
489,염지종,남,175.9,68.5,A형,1956-08-03,gmail.com,기독교
490,황서협,남,178.2,67.6,O형,1967-06-14,yahoo.com,무교
491,황우은,여,159.4,54.5,O형,1988-10-18,daum.net,기독교
492,최은영,여,156.5,59.1,B형,1982-02-21,gmail.com,불교
493,임덕협,여,161.8,56.6,A형,1977-11-12,gmail.com,기독교
494,정훈협,남,173.9,71.2,A형,1950-01-11,gmail.com,불교
495,한지희,남,162.2,67.1,A형,1966-12-20,gmail.com,무교
496,김희진,여,153.9,56.2,O형,1990-05-16,gmail.com,무교
497,권지훈,남,182.8,65.7,O형,1969-06-06,yahoo.com,무교
498,오지영,남,172,70.3,A형,1974-01-16,gmail.com,무교
499,송영택,여,160.1,55.1,AB형,1987-06-12,yahoo.com,기독교
500,정현진,여,154.8,59.3,B형,1986-07-11,gmail.com,불교
501,최지희,여,155.8,56.5,O형,1965-08-03,yahoo.com,무교
502,남준협,여,150.6,52.2,B형,1954-09-02,naver.com,무교
503,이훈협,남,172.5,64.7,A형,1948-09-06,gmail.com,기독교
504,김지남,여,154.2,53.4,B형,1967-01-29,daum.net,기독교
505,인협훈,여,158.6,57.3,O형,1980-09-18,naver.com,불교
506,김남현,여,152.2,51.7,A형,1960-03-02,naver.com,무교
507,양현훈,여,147.4,57.7,A형,1958-11-20,gmail.com,무교
508,김현정,남,158.2,67.1,B형,1995-07-05,daum.net,기독교
509,지우현,남,178.6,60.5,A형,1964-02-01,gmail.com,천주교
510,손상준,남,162.7,66.1,AB형,1953-05-11,naver.com,무교
511,이준성,여,157,55.7,B형,1993-07-17,daum.net,무교
512,차남우,남,164.3,69.9,B형,1995-12-13,gmail.com,무교
513,조정택,남,176.3,75.5,B형,1971-04-14,gmail.com,천주교
514,최정희,남,172.5,57.2,O형,1959-01-29,gmail.com,무교
515,김준희,여,151.6,57.9,A형,1949-05-20,daum.net,무교
516,박현종,여,154.9,51.6,A형,1995-03-17,naver.com,무교
517,전성우,여,156.5,60.3,B형,1995-08-29,naver.com,불교
518,변상덕,여,141.2,49.3,B형,1962-11-02,naver.com,불교
519,김용성,남,176.6,63.1,O형,1971-04-11,daum.net,불교
520,조택성,남,165,71.6,B형,1959-02-09,naver.com,기독교
521,김지훈,남,177.5,64.4,B형,1976-08-15,naver.com,기독교
522,백지은,남,168.5,65.6,A형,1992-09-01,gmail.com,무교
523,김상정,여,158.3,58.5,B형,1956-07-18,naver.com,불교
524,구서훈,남,167.7,76.5,A형,1988-05-30,gmail.com,기독교
525,김우희,남,162.3,70.8,O형,1957-02-23,daum.net,무교
526,이영성,남,167.1,65.3,A형,1962-03-05,gmail.com,무교
527,김훈성,여,149.2,61.8,A형,1967-01-09,naver.com,기독교
528,이훈준,여,157.9,63.2,O형,1948-07-12,gmail.com,무교
529,이지영,여,166,56.5,O형,1960-08-08,yahoo.com,기독교
530,주택용,여,159.1,57.9,B형,1977-11-02,naver.com,천주교
531,김영종,남,176.2,62.5,B형,1967-01-20,naver.com,불교
532,도서남,여,151.6,53.8,O형,1971-02-22,yahoo.com,불교
533,홍상훈,여,162.8,53.2,AB형,1964-09-24,gmail.com,기독교
534,서지준,남,171,65.2,O형,1984-10-15,gmail.com,무교
535,이희훈,남,175.8,66.7,O형,1966-09-10,daum.net,천주교
536,김서우,남,172.4,57.8,O형,1985-08-02,yahoo.com,불교
537,이서협,여,156.4,62.6,A형,1973-09-23,daum.net,불교
538,박희지,여,153.4,60.9,O형,1991-11-21,yahoo.com,무교
539,김현희,여,147,52.3,A형,1995-09-18,naver.com,무교
540,박진택,여,159.5,53.1,A형,1991-05-25,naver.com,무교
541,김석성,여,160.8,55.9,O형,1975-10-04,gmail.com,불교
542,김우택,남,172.6,65.2,B형,1960-06-16,daum.net,불교
543,박준종,남,169,70.3,B형,1957-11-25,yahoo.com,무교
544,황정종,남,179.4,69.5,B형,1951-07-25,daum.net,불교
545,변종남,남,173,68.8,B형,1975-11-02,daum.net,기독교
546,장석지,여,156.9,60.9,B형,1984-01-07,gmail.com,무교
547,윤지남,여,147.8,61.6,A형,1950-01-15,yahoo.com,무교
548,소협훈,남,162.9,69.2,B형,1958-11-02,yahoo.com,불교
549,박훈용,남,165.7,66.3,B형,1960-08-23,daum.net,무교
550,김준지,여,140.7,58.3,O형,1987-08-01,daum.net,무교
551,이우훈,남,165.3,66.7,AB형,1991-03-13,daum.net,무교
552,최훈상,남,174.9,64.5,O형,1947-03-11,yahoo.com,천주교
553,박훈영,여,163.2,56.4,AB형,1953-10-28,naver.com,무교
554,정남영,여,158.6,56.3,A형,1960-01-01,yahoo.com,불교
555,배훈택,남,172.7,66.4,O형,1974-04-02,gmail.com,무교
556,박정훈,남,169.4,72.3,A형,1977-11-29,gmail.com,무교
557,김용덕,여,152.6,54.2,AB형,1996-06-15,gmail.com,무교
558,조서지,여,149,62.8,A형,1949-01-25,naver.com,무교
559,박준우,남,178.1,68.8,A형,1971-11-18,naver.com,무교
560,김정서,남,165.3,70.2,A형,1964-08-20,naver.com,불교
561,이현우,남,171,68,A형,1969-06-01,yahoo.com,천주교
562,송진훈,남,172.4,64.2,B형,1976-12-28,gmail.com,불교
563,오훈석,여,148.3,59.2,O형,1957-06-14,yahoo.com,기독교
564,이종훈,여,160,57.8,O형,1988-09-09,yahoo.com,기독교
565,황지우,남,169.2,70.2,B형,1994-10-18,daum.net,기독교
566,민준종,남,161.2,64.1,AB형,1954-10-04,gmail.com,기독교
567,김택석,여,164.7,52.8,O형,1962-01-22,gmail.com,기독교
568,안택지,여,145.9,53.1,B형,1972-01-14,naver.com,불교
569,이훈진,여,158.4,54,O형,1986-08-02,naver.com,천주교
570,김종정,여,165.3,58.6,B형,1992-07-18,yahoo.com,기독교
571,김지은,남,158.8,65.4,O형,1972-06-13,yahoo.com,기독교
572,이용협,여,145.3,64.3,AB형,1979-05-28,daum.net,기독교
573,장성진,여,152.2,57.3,AB형,1969-02-03,naver.com,기독교
574,신종상,여,156.7,52.8,B형,1967-02-25,daum.net,기독교
575,금지석,여,149.5,51.8,B형,1982-11-04,yahoo.com,불교
576,김상석,여,157.5,56.8,A형,1971-09-19,naver.com,무교
577,임준서,남,169.8,64.1,A형,1984-10-21,yahoo.com,불교
578,김택영,여,158.8,48.8,A형,1958-03-21,yahoo.com,불교
579,김상용,여,152,54.3,O형,1996-09-29,yahoo.com,기독교
580,박준우,여,168.5,56.1,A형,1947-08-30,gmail.com,무교
581,이용지,여,151.5,52.4,B형,1987-09-11,gmail.com,기독교
582,김덕현,여,157.5,57.4,O형,1961-05-03,gmail.com,불교
583,강석지,여,159.2,53.1,A형,1964-08-18,gmail.com,무교
584,윤덕은,남,173.2,62.9,B형,1977-02-14,naver.com,불교
585,옥정은,여,159.5,51.3,B형,1961-04-05,daum.net,불교
586,금희석,남,177.8,67.5,O형,1972-02-08,gmail.com,무교
587,곽훈택,남,166.6,60.1,AB형,1992-07-18,yahoo.com,기독교
588,신서지,여,146,56,O형,1946-01-31,daum.net,무교
589,이훈준,남,172.5,65.6,O형,1991-12-10,naver.com,기독교
590,유은지,여,149,55.6,O형,1976-05-09,gmail.com,무교
591,김남상,여,150.7,58,O형,1946-06-19,daum.net,무교
592,류현정,남,176.3,70.2,O형,1963-07-23,naver.com,불교
593,엄상택,남,175.5,69.2,B형,1947-07-08,yahoo.com,불교
594,김택서,여,158,54.8,A형,1958-02-12,yahoo.com,무교
595,임준종,여,150.1,54.5,O형,1992-09-27,naver.com,무교
596,윤서협,남,165.7,70.8,A형,1949-07-14,naver.com,기독교
597,이희현,여,155,58,A형,1961-02-18,gmail.com,무교
598,김성지,여,155.8,59,A형,1960-12-13,yahoo.com,불교
599,장훈지,남,171,69.2,O형,1965-09-25,yahoo.com,무교
600,이지택,남,173.7,65.3,A형,1995-01-06,naver.com,불교
601,김서남,여,156.7,55.4,B형,1964-10-12,gmail.com,기독교
602,이준영,여,153.1,55.2,AB형,1955-05-10,gmail.com,무교
603,한훈종,남,173.4,68.3,A형,1948-07-07,yahoo.com,무교
604,이택훈,여,146,53.1,A형,1972-06-06,naver.com,무교
605,권택은,남,162.6,64.2,O형,1971-06-09,naver.com,불교
606,박성용,여,155.4,50.8,B형,1954-06-11,naver.com,불교
607,이영종,남,170.1,67.1,B형,1951-06-15,gmail.com,무교
608,한정희,남,177.4,69.9,A형,1954-04-09,yahoo.com,무교
609,백은현,여,161,54.1,A형,1954-01-18,daum.net,무교
610,조준협,여,155.9,55.2,AB형,1954-10-13,yahoo.com,무교
611,김은현,남,170.7,67.4,O형,1974-08-05,daum.net,무교
612,이준종,여,146.3,49.9,B형,1950-10-01,yahoo.com,무교
613,조지영,여,151.9,58.7,AB형,1995-03-06,daum.net,무교
614,박정석,남,177.2,72.6,A형,1969-01-31,naver.com,무교
615,이훈용,남,173.9,70.8,A형,1954-08-28,gmail.com,기독교
616,박현지,여,164.9,55.9,AB형,1995-11-15,gmail.com,무교
617,최종지,남,176.5,67,A형,1975-06-28,yahoo.com,무교
618,이준현,남,163.3,64.7,B형,1978-09-29,naver.com,무교
619,김종진,여,154.3,50.3,B형,1959-08-03,naver.com,천주교
620,우남희,여,148.6,52.7,A형,1959-05-28,daum.net,기독교
621,김준현,여,159.9,50.2,A형,1963-04-21,naver.com,기독교
622,박훈상,여,158.5,61.2,AB형,1981-11-02,gmail.com,천주교
623,이훈남,남,171.4,68.8,O형,1972-07-08,naver.com,무교
624,최진지,여,152.5,57.8,A형,1960-12-20,daum.net,기독교
625,최종석,남,171.1,64,A형,1972-01-22,gmail.com,무교
626,황덕종,여,155.8,58.1,B형,1968-05-05,daum.net,천주교
627,최준용,남,166.5,66.5,O형,1966-03-30,naver.com,무교
628,김종덕,여,163.3,61.9,AB형,1951-11-15,naver.com,천주교
629,정용서,남,175.6,61.2,O형,1977-03-26,daum.net,기독교
630,김지남,남,167.1,70.3,AB형,1968-02-24,gmail.com,무교
631,김남상,여,151.7,59.7,O형,1962-07-22,gmail.com,기독교
632,박서남,남,166,59.9,A형,1965-09-30,gmail.com,불교
633,윤준서,남,167.7,65.9,O형,1961-01-09,daum.net,기독교
634,연택남,남,168.2,64.6,B형,1955-06-14,yahoo.com,무교
635,김택지,여,154.4,57.9,A형,1980-06-14,daum.net,무교
636,임훈상,여,151.9,56.2,O형,1975-12-17,naver.com,불교
637,진덕현,여,152.3,61.9,O형,1994-03-18,yahoo.com,불교
638,박성현,남,172.2,65.2,O형,1963-02-11,yahoo.com,불교
639,오상진,남,166.1,62.9,A형,1981-12-22,daum.net,무교
640,한준종,여,157.4,47.3,O형,1954-06-30,gmail.com,기독교
641,정정성,여,160.2,49.3,O형,1952-03-13,naver.com,무교
642,배은지,여,154.6,57.3,A형,1972-08-25,yahoo.com,무교
643,송종성,여,159,54.6,A형,1946-11-20,yahoo.com,무교
644,박지종,남,169.4,67.2,A형,1990-01-18,yahoo.com,무교
645,조훈준,남,169.1,64.4,B형,1946-11-19,daum.net,불교
646,전영우,남,169,64.7,O형,1976-08-07,gmail.com,불교
647,강훈지,여,161.6,53.4,AB형,1974-05-07,gmail.com,무교
648,김준은,남,171.4,64.5,O형,1995-03-04,yahoo.com,무교
649,박우남,남,184.1,68,A형,1977-06-11,gmail.com,기독교
650,차영남,남,179.9,60,A형,1995-03-31,daum.net,무교
651,정남영,남,166.7,64,A형,1960-08-13,daum.net,불교
652,박영서,여,158.5,54.6,AB형,1950-07-28,naver.com,기독교
653,박지희,여,157.9,64.9,O형,1984-05-17,yahoo.com,불교
654,변영상,남,174.6,72.2,O형,1957-05-14,daum.net,불교
655,임진지,여,163,52.8,O형,1971-03-04,yahoo.com,무교
656,신희지,여,154.8,53.7,A형,1984-08-07,yahoo.com,무교
657,조훈택,남,170.6,62.5,A형,1984-03-24,daum.net,기독교
658,지종우,여,161.4,56.1,O형,1948-03-31,yahoo.com,무교
659,이남진,여,155.5,53.8,A형,1951-03-29,daum.net,무교
660,고종택,남,159.9,73.5,A형,1964-08-23,yahoo.com,무교
661,김영용,남,176.7,60.5,O형,1987-01-22,naver.com,기독교
662,이지택,여,152.7,55.6,A형,1992-12-21,gmail.com,불교
663,남훈준,여,165.6,51.1,O형,1994-07-31,yahoo.com,무교
664,김현남,여,145.7,54.2,O형,1951-03-07,daum.net,무교
665,정정택,여,157.5,57.1,O형,1949-04-13,naver.com,불교
666,이훈용,여,146.5,51.7,A형,1972-02-21,gmail.com,기독교
667,오석덕,여,148.3,60.6,O형,1947-02-01,daum.net,무교
668,김우훈,여,159.7,55.2,AB형,1958-04-19,yahoo.com,무교
669,이준희,남,162.8,70.5,A형,1946-06-05,naver.com,무교
670,길준영,여,153.4,56.2,B형,1989-07-17,naver.com,기독교
671,안준상,여,162,57.9,AB형,1980-07-09,naver.com,무교
672,조훈택,여,158.1,54,B형,1956-06-18,yahoo.com,무교
673,김준은,여,157.6,59.5,A형,1949-06-20,naver.com,기독교
674,이희덕,남,157.3,69.2,AB형,1961-04-29,yahoo.com,불교
675,김영현,남,163.3,68.6,A형,1984-09-06,yahoo.com,무교
676,문현남,여,154.8,60.1,A형,1952-03-31,gmail.com,불교
677,박상덕,여,156.1,58,A형,1994-05-11,yahoo.com,무교
678,박택석,여,155.8,55.5,O형,1962-11-30,naver.com,기독교
679,김종훈,남,172.2,67.7,A형,1955-07-29,naver.com,기독교
680,박준정,여,156.8,58.6,A형,1965-10-11,naver.com,불교
681,최협상,남,168.2,62.5,A형,1989-07-15,daum.net,천주교
682,김서우,남,165.4,69.5,O형,1978-03-31,yahoo.com,불교
683,박지서,여,157.7,54.9,A형,1984-09-26,yahoo.com,불교
684,김우희,남,180.8,70.8,O형,1985-11-27,daum.net,무교
685,장현우,여,158.6,58.5,O형,1966-05-27,naver.com,천주교
686,김준석,여,155.7,63.2,B형,1947-03-11,daum.net,불교
687,최훈성,남,166.1,66.1,A형,1953-11-07,naver.com,천주교
688,정택영,여,157.2,54.5,A형,1949-04-18,yahoo.com,기독교
689,정성우,여,155.2,57.6,A형,1993-05-18,gmail.com,천주교
690,김용희,여,151.4,55.7,A형,1970-09-16,gmail.com,무교
691,이은영,여,157.1,48.7,O형,1958-04-17,daum.net,불교
692,김희준,여,149.6,57,B형,1948-09-07,gmail.com,무교
693,엄서성,여,149,56.8,A형,1950-06-22,daum.net,무교
694,이상지,남,179.2,67.5,A형,1976-01-08,yahoo.com,불교
695,박지현,남,163.6,67,A형,1985-12-21,gmail.com,무교
696,김영용,남,167.9,66.5,O형,1960-12-12,gmail.com,천주교
697,최진지,여,158.2,59.1,O형,1983-06-19,daum.net,천주교
698,방석영,남,165.6,66.4,A형,1953-03-22,naver.com,기독교
699,이준진,여,151.7,50.7,O형,1980-08-07,gmail.com,무교
700,김서진,여,171.2,58.6,A형,1966-03-22,gmail.com,기독교
701,김현용,여,150.1,55.6,O형,1992-12-07,naver.com,기독교
702,유지덕,여,155.5,51.5,AB형,1995-12-22,daum.net,불교
703,반희용,여,159.1,60.2,B형,1996-05-06,naver.com,불교
704,이은훈,남,170.2,63.3,A형,1969-05-03,naver.com,불교
705,조종훈,남,174.8,68.1,A형,1958-12-31,gmail.com,불교
706,이서영,남,163.2,63.2,B형,1988-04-29,gmail.com,불교
707,김덕종,여,149.3,45.7,O형,1946-10-20,daum.net,불교
708,김덕준,여,161.5,53.2,B형,1956-05-22,yahoo.com,불교
709,신협현,남,168,74,O형,1986-05-03,naver.com,불교
710,김종협,여,158.4,55.1,B형,1956-09-09,gmail.com,무교
711,이남종,여,150,64.8,A형,1970-09-01,gmail.com,무교
712,김종영,여,162.9,50.1,A형,1946-01-04,naver.com,천주교
713,박남희,여,157.2,57.4,A형,1967-07-04,naver.com,기독교
714,박종택,여,154.4,55.5,B형,1992-10-26,daum.net,기독교
715,이준성,남,171.7,63,B형,1989-01-03,yahoo.com,불교
716,박석준,남,170.1,61.5,A형,1983-08-26,daum.net,무교
717,구우종,여,153.6,55.2,A형,1974-05-20,gmail.com,무교
718,박훈덕,여,157.2,59.3,O형,1948-01-30,naver.com,불교
719,이희지,여,156.3,49.6,A형,1989-07-09,gmail.com,불교
720,이훈서,여,151,53.2,O형,1992-01-13,daum.net,무교
721,이지덕,남,163.5,66.9,A형,1979-07-20,yahoo.com,불교
722,이종지,여,150.7,50.2,O형,1964-02-21,naver.com,무교
723,박덕정,여,154,52.3,O형,1980-09-11,naver.com,천주교
724,최지훈,남,171.6,68.6,A형,1957-08-18,gmail.com,무교
725,김서종,여,159.3,58.3,A형,1956-09-24,daum.net,무교
726,강훈상,여,159.7,54.5,O형,1968-02-17,gmail.com,무교
727,고성지,남,175.1,72.1,O형,1985-12-16,gmail.com,무교
728,전준서,남,179.4,62.3,A형,1964-02-15,yahoo.com,무교
729,전희훈,남,172.3,66.4,O형,1984-09-25,daum.net,무교
730,신서훈,남,165.5,59.6,AB형,1994-08-01,gmail.com,기독교
731,오지우,남,169.6,73.7,B형,1951-01-30,gmail.com,무교
732,강현훈,여,156,59.6,A형,1968-08-30,naver.com,무교
733,석지훈,남,175.8,60.4,AB형,1979-06-24,yahoo.com,무교
734,최택덕,남,170.3,62.6,O형,1983-09-29,gmail.com,기독교
735,배정영,남,176.7,63.6,AB형,1982-12-06,yahoo.com,불교
736,이정남,여,158.2,49.6,O형,1990-10-12,daum.net,천주교
737,김정지,여,149.5,61.6,A형,1987-04-03,yahoo.com,불교
738,이준희,여,154,58.8,A형,1968-08-12,daum.net,기독교
739,고석정,여,156.3,54.8,B형,1983-11-15,daum.net,무교
740,박남우,여,152,57.5,A형,1953-05-31,gmail.com,무교
741,최정진,남,171.9,56.5,A형,1974-04-23,gmail.com,기독교
742,구정택,남,165.5,69.3,O형,1968-07-27,gmail.com,불교
743,박훈성,남,171.8,65.1,A형,1986-04-23,gmail.com,천주교
744,심희지,여,149.9,63.1,O형,1982-12-20,daum.net,무교
745,이용현,남,174.7,69.5,O형,1975-07-10,naver.com,무교
746,손성남,남,171.5,63.1,AB형,1986-12-31,yahoo.com,천주교
747,위성현,남,169.4,69.6,B형,1974-02-26,daum.net,천주교
748,손지남,여,153.9,61,B형,1986-04-29,gmail.com,불교
749,정택남,남,172.8,69.5,A형,1976-10-03,daum.net,불교
750,이준희,여,153,47.5,O형,1969-06-22,yahoo.com,천주교
751,박종남,여,151.2,57.9,A형,1953-04-18,naver.com,불교
752,임훈서,남,168.4,67.5,B형,1970-05-15,naver.com,불교
753,유희준,남,161.7,67.5,O형,1961-05-11,daum.net,무교
754,강정남,남,175.2,66.8,O형,1966-07-11,gmail.com,무교
755,엄석준,남,172.8,61.2,O형,1967-10-19,naver.com,무교
756,김현용,남,174.7,67.1,O형,1993-06-30,naver.com,무교
757,김종영,여,156.1,54.6,B형,1993-02-03,yahoo.com,무교
758,박남종,여,166.1,61.7,A형,1964-11-13,naver.com,불교
759,이덕우,여,158.5,57.7,O형,1987-10-08,yahoo.com,무교
760,성진정,여,161.5,49.8,A형,1994-05-26,gmail.com,무교
761,도준남,여,161.6,52.6,O형,1991-06-02,daum.net,무교
762,김택훈,여,163.8,57.2,AB형,1993-01-03,naver.com,기독교
763,임우남,여,157.4,45.4,A형,1991-11-16,daum.net,무교
764,이종상,남,168.4,64.3,A형,1979-11-19,yahoo.com,기독교
765,박정상,여,156.6,55.4,B형,1952-07-09,gmail.com,불교
766,박남성,여,166,50.1,B형,1968-12-31,gmail.com,기독교
767,이우은,여,155.2,59,O형,1979-06-11,naver.com,기독교
768,황희용,남,164.2,59.8,B형,1996-04-13,naver.com,천주교
769,김준영,여,159.2,55.1,O형,1966-02-24,daum.net,무교
770,김협종,남,165.5,63.9,A형,1951-08-10,naver.com,무교
771,김준석,여,159,56,A형,1973-05-30,naver.com,무교
772,한남석,남,164.9,65.4,B형,1958-10-27,gmail.com,무교
773,김남용,남,163.7,62.7,B형,1993-11-25,gmail.com,무교
774,김은현,여,162.5,55.6,O형,1988-01-28,daum.net,무교
775,한영훈,여,157.4,49.8,A형,1978-03-10,gmail.com,무교
776,김영석,남,170.7,73.9,O형,1972-01-30,yahoo.com,무교
777,김지준,여,156.2,50.5,A형,1967-02-26,daum.net,불교
778,조덕지,남,174.3,69.5,AB형,1986-10-04,yahoo.com,기독교
779,박택용,여,150.3,56.4,O형,1959-09-23,daum.net,불교
780,김상택,남,174.6,64.5,B형,1979-09-16,yahoo.com,기독교
781,심협준,여,160.1,53.3,B형,1988-12-31,gmail.com,무교
782,이석정,여,153.3,60.4,AB형,1991-11-13,gmail.com,무교
783,신희덕,여,146.5,61.6,O형,1975-07-06,gmail.com,무교
784,이성훈,여,157,57.6,O형,1976-06-28,daum.net,기독교
785,김용협,여,163.9,55.3,A형,1949-06-08,gmail.com,불교
786,우훈종,남,172.9,67.8,A형,1970-10-14,naver.com,무교
787,이남정,남,164.2,63.3,AB형,1993-12-20,naver.com,불교
788,김영지,남,161.9,60.2,A형,1967-09-02,naver.com,기독교
789,이현훈,여,159.2,52.5,B형,1985-05-23,daum.net,불교
790,박서희,남,167.7,65.7,AB형,1996-05-23,gmail.com,무교
791,양서정,여,163.9,55.9,O형,1989-09-11,daum.net,불교
792,진석준,여,157.9,55.6,A형,1957-10-04,naver.com,무교
793,이우훈,남,167.6,71.7,A형,1987-12-10,yahoo.com,불교
794,김지현,남,171.4,69,A형,1972-03-04,naver.com,무교
795,시서용,남,164.8,70.3,B형,1960-01-12,gmail.com,불교
796,김지상,남,163.1,66.9,B형,1970-05-31,daum.net,기독교
797,주서진,여,152.1,51.3,O형,1969-01-10,gmail.com,무교
798,추훈지,남,173,77.4,A형,1948-10-27,gmail.com,무교
799,오성준,여,149.7,57.3,B형,1975-04-22,yahoo.com,무교
800,김준상,여,155.6,51.9,O형,1955-10-23,yahoo.com,불교
801,지성진,남,172,68.6,AB형,1984-01-02,daum.net,무교
802,송지종,여,158.3,52.1,A형,1996-05-26,gmail.com,천주교
803,김서희,여,156.3,53,O형,1946-03-27,yahoo.com,기독교
804,김협성,남,169,69.1,A형,1959-04-16,daum.net,무교
805,이상종,남,175.1,68.9,A형,1962-10-17,naver.com,불교
806,현희현,여,160.4,56.8,A형,1989-12-22,naver.com,기독교
807,안훈준,여,156.4,57.6,B형,1961-11-18,yahoo.com,기독교
808,김정용,여,162.1,57.7,A형,1971-09-27,daum.net,무교
809,안훈용,여,158.2,56.1,B형,1962-09-28,gmail.com,기독교
810,남정성,여,152.7,54.9,O형,1979-04-10,gmail.com,무교
811,김용정,남,170.4,64.1,B형,1965-01-16,daum.net,불교
812,안현협,여,160.1,54,B형,1976-08-22,yahoo.com,불교
813,이남지,남,170,63.6,O형,1952-07-28,daum.net,기독교
814,박훈덕,남,172.2,70.5,B형,1959-05-29,daum.net,불교
815,장준서,남,165.9,66.3,O형,1976-10-03,yahoo.com,불교
816,오영협,남,175.8,62.3,O형,1996-03-13,yahoo.com,무교
817,곽현서,여,153,60.8,AB형,1964-11-15,yahoo.com,무교
818,김성지,여,163.1,58.2,A형,1979-11-03,gmail.com,기독교
819,오정은,여,166.3,58.2,O형,1966-02-16,yahoo.com,불교
820,설훈준,여,142.5,49.1,A형,1955-06-11,yahoo.com,기독교
821,신우택,여,157.6,60.2,A형,1994-08-28,gmail.com,무교
822,강은성,남,171.4,74,B형,1995-12-22,gmail.com,기독교
823,이정훈,여,170.3,55.9,B형,1958-01-31,daum.net,무교
824,박지협,여,153.8,57,B형,1977-03-30,yahoo.com,무교
825,장지영,여,159.1,54.8,A형,1967-10-17,naver.com,기독교
826,윤준지,남,167.4,65.3,B형,1967-01-27,daum.net,불교
827,최정남,여,157.6,58.6,B형,1968-03-02,naver.com,불교
828,변용협,여,154.6,56.1,B형,1961-10-05,naver.com,무교
829,김성택,남,169.4,66,A형,1949-05-16,yahoo.com,무교
830,정택준,남,169.6,71.4,B형,1983-06-27,daum.net,불교
831,김성준,남,175.5,63,A형,1964-05-24,gmail.com,무교
832,권택준,여,161.8,53,O형,1946-09-10,daum.net,기독교
833,김우성,여,155.7,51.4,B형,1973-05-31,yahoo.com,무교
834,박준용,남,159.8,69.4,O형,1946-11-04,yahoo.com,무교
835,김현준,여,154.9,52,O형,1989-08-17,yahoo.com,기독교
836,박협훈,남,174.9,64.2,B형,1975-01-25,yahoo.com,천주교
837,이지준,여,139.2,54.7,B형,1972-12-22,yahoo.com,불교
838,김석상,여,157.6,53.7,O형,1983-01-01,daum.net,무교
839,성상희,남,166.8,65,B형,1964-12-11,naver.com,천주교
840,서용준,여,155.6,50.2,B형,1993-07-22,yahoo.com,무교
841,고준용,남,169.4,65,O형,1956-02-09,naver.com,무교
842,김희진,여,159.4,47.8,A형,1989-07-02,gmail.com,무교
843,장협용,남,164.7,75.5,A형,1991-03-24,gmail.com,천주교
844,민준정,여,162,52,O형,1948-02-13,gmail.com,무교
845,정상지,여,157.7,58,A형,1996-01-18,daum.net,무교
846,방서지,여,160.2,52.2,A형,1986-10-23,gmail.com,무교
847,손서지,여,152.4,55.5,O형,1995-09-07,gmail.com,불교
848,김종석,여,159.9,55,O형,1959-05-26,yahoo.com,천주교
849,장정성,남,172.9,70.2,O형,1973-02-23,naver.com,천주교
850,송택종,남,168.4,62.5,O형,1977-08-20,daum.net,무교
851,심상서,여,157.7,56.6,AB형,1993-02-28,gmail.com,무교
852,배희지,남,171.2,60.5,O형,1971-11-26,daum.net,불교
853,홍남택,남,171.3,66.6,O형,1979-11-11,naver.com,불교
854,오상준,여,155.7,51.4,B형,1994-10-23,naver.com,무교
855,박희영,남,159.8,68.2,A형,1976-10-11,daum.net,무교
856,김석협,남,175.6,62,O형,1965-10-06,daum.net,불교
857,하준용,여,160.9,58.9,A형,1987-08-20,naver.com,기독교
858,김지석,남,171.4,61.5,A형,1987-07-19,yahoo.com,기독교
859,서지남,남,170.9,71.6,AB형,1959-01-06,yahoo.com,무교
860,류서영,여,162.3,56.7,B형,1975-09-25,yahoo.com,기독교
861,구현협,남,168.8,59.7,O형,1958-09-16,daum.net,기독교
862,현현용,여,158.8,55.7,A형,1988-07-28,gmail.com,무교
863,박서준,여,151.2,58.9,A형,1957-10-07,naver.com,불교
864,유상희,여,157.4,48.8,O형,1987-08-12,naver.com,무교
865,남영석,여,150.2,50.7,O형,1996-03-14,naver.com,무교
866,박용지,여,164.1,55.4,A형,1965-09-04,naver.com,무교
867,이희용,여,156.8,59.7,B형,1950-12-16,gmail.com,기독교
868,우진종,남,176.8,57,A형,1958-11-29,daum.net,무교
869,신남종,여,151.9,53.9,AB형,1953-04-04,daum.net,무교
870,송성석,여,157.3,52.3,O형,1978-07-28,gmail.com,불교
871,양덕우,남,175.1,67.6,O형,1959-07-23,yahoo.com,천주교
872,권준지,여,153.7,55.1,AB형,1950-05-27,daum.net,무교
873,김협서,여,160.1,53.9,O형,1985-04-23,daum.net,무교
874,이남준,여,152.8,51.2,O형,1983-05-08,daum.net,무교
875,한석우,여,162.5,55.8,O형,1974-05-23,naver.com,천주교
876,이준진,남,172.8,66.9,A형,1968-01-10,gmail.com,기독교
877,유준우,여,152.3,53.7,O형,1983-12-08,gmail.com,기독교
878,우정협,여,164.6,52.1,A형,1983-05-07,gmail.com,불교
879,은현훈,남,173.6,63.7,B형,1991-11-10,daum.net,무교
880,최지준,여,149.2,57.4,A형,1946-01-02,gmail.com,무교
881,김지용,남,164.7,65.6,A형,1994-02-24,daum.net,무교
882,김우준,남,171.8,66.3,A형,1970-01-21,yahoo.com,불교
883,황영석,남,164.2,60.9,A형,1988-11-11,gmail.com,무교
884,윤진지,여,158.4,49.9,AB형,1951-07-01,yahoo.com,기독교
885,이정지,남,172.9,60.9,A형,1995-10-18,naver.com,무교
886,권훈석,여,163.2,61.2,AB형,1970-06-14,naver.com,기독교
887,민준협,남,173.4,63,A형,1966-01-01,daum.net,무교
888,이정상,남,166.5,65.8,B형,1973-03-29,gmail.com,무교
889,이은우,남,167.6,64.5,A형,1996-08-25,naver.com,무교
890,이은덕,남,167.1,62.1,AB형,1989-07-26,yahoo.com,무교
891,오서택,여,150.6,55.7,B형,1985-07-30,daum.net,무교
892,김지훈,여,155.4,62.5,AB형,1961-12-11,daum.net,불교
893,오지협,여,152.8,56.3,B형,1974-10-07,yahoo.com,무교
894,김정용,남,165.2,64.7,O형,1988-11-29,naver.com,천주교
895,이덕정,남,166.6,68.3,AB형,1987-06-08,daum.net,불교
896,장협석,남,166,60,A형,1973-03-11,naver.com,무교
897,김용협,남,172.3,69.7,B형,1957-03-22,gmail.com,무교
898,최정성,여,153,55.2,A형,1954-08-24,yahoo.com,불교
899,임종성,남,173.7,67.6,O형,1993-04-17,naver.com,무교
900,최종성,여,158.5,53.2,A형,1980-03-11,yahoo.com,무교
901,박덕훈,여,154.7,56.2,B형,1987-11-05,gmail.com,천주교
902,강정은,남,166.8,64.2,A형,1948-02-15,yahoo.com,무교
903,주지남,남,174.7,66.2,O형,1992-05-14,yahoo.com,무교
904,현우덕,여,154.6,56.4,B형,1975-07-09,naver.com,무교
905,김은협,남,170.1,66.7,A형,1980-06-16,daum.net,무교
906,김택서,남,163.7,71.2,O형,1968-09-21,daum.net,기독교
907,오택준,여,156.8,66.6,AB형,1977-01-23,yahoo.com,무교
908,복남정,여,147.4,58.1,A형,1964-09-02,daum.net,기독교
909,정준상,남,171.2,66.5,B형,1968-08-19,daum.net,불교
910,김준훈,남,167.2,65.5,AB형,1985-01-06,yahoo.com,무교
911,서상준,남,171.3,59.2,B형,1989-03-24,naver.com,불교
912,김훈현,여,144.4,58.9,B형,1989-11-09,gmail.com,무교
913,이택상,남,168.3,68.4,B형,1972-07-24,yahoo.com,기독교
914,황훈지,남,168.3,67.3,A형,1971-04-02,daum.net,무교
915,강훈석,여,154.5,57.9,A형,1956-01-21,naver.com,무교
916,배택석,남,176,60.3,A형,1977-01-07,gmail.com,무교
917,나상석,여,157.4,56.9,O형,1956-05-10,naver.com,불교
918,남지훈,여,153.1,53.8,B형,1987-05-11,daum.net,무교
919,최우지,남,171.9,68.9,O형,1962-01-09,naver.com,기독교
920,김희준,여,151.7,57.1,O형,1993-04-01,naver.com,무교
921,이정상,여,152.1,57.1,B형,1968-07-12,naver.com,기독교
922,장훈성,여,157.5,51.1,B형,1972-05-11,naver.com,무교
923,김덕은,남,175,66.6,A형,1956-02-12,naver.com,기독교
924,고우남,남,174.3,65.6,O형,1965-03-11,naver.com,불교
925,홍용남,여,157.9,62.8,AB형,1948-04-17,yahoo.com,무교
926,류지진,여,160.2,53.1,O형,1977-02-23,yahoo.com,기독교
927,김덕성,여,155.4,57.5,A형,1972-06-09,gmail.com,무교
928,한용종,남,166.2,66.2,O형,1965-03-20,naver.com,천주교
929,권훈용,남,169.4,68.5,B형,1996-06-10,yahoo.com,무교
930,김지준,남,164.7,66.8,B형,1961-08-05,daum.net,불교
931,이희성,여,151.5,60.2,A형,1980-07-17,gmail.com,불교
932,김서덕,남,171.7,75.1,A형,1984-03-15,yahoo.com,불교
933,김남우,여,150,54.4,O형,1958-07-14,naver.com,무교
934,홍현준,여,157.3,58.3,O형,1956-06-26,daum.net,불교
935,김영덕,남,174.3,64.9,O형,1949-07-08,yahoo.com,무교
936,유택협,여,152.1,56.4,B형,1990-12-09,naver.com,천주교
937,정종지,남,166.5,72.5,B형,1970-08-09,naver.com,무교
938,조지정,남,169.9,65.9,O형,1983-03-15,naver.com,무교
939,하정덕,여,160.7,54,A형,1987-09-03,daum.net,기독교
940,황진우,남,174.9,68.3,B형,1978-05-26,naver.com,기독교
941,임훈협,여,153.3,53.8,B형,1967-06-12,yahoo.com,무교
942,정훈현,여,159.7,50.5,A형,1963-11-09,naver.com,천주교
943,최지서,여,155.4,61.2,B형,1986-03-18,yahoo.com,기독교
944,오지용,여,159.2,54.9,B형,1958-10-15,yahoo.com,무교
945,여석정,여,147.9,48.3,A형,1983-03-15,daum.net,불교
946,천정상,남,173.5,67.2,O형,1986-04-07,naver.com,불교
947,김정은,여,151.3,48.9,A형,1972-02-26,yahoo.com,무교
948,박석협,남,168.4,65.2,B형,1969-10-27,naver.com,불교
949,이지서,남,178.6,70.2,O형,1982-05-30,naver.com,무교
950,송남희,여,154.8,57.7,A형,1991-12-25,naver.com,불교
951,허훈덕,남,168.4,63.7,AB형,1974-06-26,yahoo.com,무교
952,송협준,여,156.8,51.1,O형,1994-03-19,naver.com,불교
953,공지정,남,168.3,62.6,B형,1988-06-04,gmail.com,무교
954,김정준,남,177.4,72.4,AB형,1972-10-05,gmail.com,무교
955,박지훈,남,171.9,66.2,A형,1978-07-23,daum.net,무교
956,김상지,여,154.2,55.3,A형,1978-07-21,daum.net,무교
957,김영준,남,169.8,68,A형,1988-10-04,daum.net,무교
958,양서성,남,167.5,72.4,O형,1961-01-06,naver.com,무교
959,문우성,남,170,61.5,B형,1954-03-06,gmail.com,무교
960,정현남,남,171.2,69.6,A형,1993-12-03,gmail.com,기독교
961,강훈준,여,159.4,59.1,A형,1952-10-01,naver.com,천주교
962,배상용,여,160.3,50.6,B형,1965-05-05,gmail.com,불교
963,이진준,여,154.2,57.6,AB형,1958-05-19,yahoo.com,불교
964,조서석,남,174.5,64.5,O형,1975-11-30,naver.com,불교
965,이종현,여,152.9,57.8,B형,1985-06-04,yahoo.com,천주교
966,김준남,남,164.7,70.2,B형,1986-10-13,yahoo.com,불교
967,김상종,여,160.3,52.5,A형,1983-06-25,naver.com,무교
968,조현석,여,149.3,57,A형,1959-04-01,daum.net,불교
969,이훈상,여,151,53.3,AB형,1962-11-26,naver.com,불교
970,안현준,남,159.5,65.8,O형,1979-08-17,naver.com,무교
971,이훈우,남,166.4,63.4,O형,1965-01-24,yahoo.com,무교
972,정현협,남,164.7,64,A형,1978-12-25,daum.net,무교
973,김협준,여,151.4,56.4,AB형,1959-11-18,yahoo.com,무교
974,윤영준,여,162.9,54.1,AB형,1962-11-16,yahoo.com,무교
975,정희진,남,171.2,60.2,B형,1984-12-14,daum.net,불교
976,염정용,남,172.1,65.2,B형,1991-08-08,yahoo.com,기독교
977,김협성,여,148.7,58.4,O형,1978-09-05,naver.com,무교
978,박희준,여,153.6,56.6,A형,1960-12-06,yahoo.com,불교
979,전지준,여,149.1,54.2,B형,1958-02-27,gmail.com,천주교
980,방상용,여,155.2,53.3,O형,1980-01-30,yahoo.com,무교
981,안석용,여,156.7,48.8,A형,1956-02-16,naver.com,무교
982,이성석,여,151,57.3,O형,1989-05-09,daum.net,기독교
983,김지훈,남,168.6,68.1,O형,1972-03-13,naver.com,불교
984,고덕진,여,151.7,50.3,O형,1993-03-28,naver.com,기독교
985,김협상,여,151.8,54.3,O형,1987-08-01,yahoo.com,무교
986,김영서,남,175.9,71.2,AB형,1952-07-14,daum.net,무교
987,박정석,여,162.9,57.9,AB형,1971-11-11,gmail.com,불교
988,박택상,여,158,54.7,O형,1968-04-18,daum.net,천주교
989,전희남,남,167.6,63.3,O형,1953-10-11,daum.net,불교
990,송협종,남,164,61,A형,1959-10-10,naver.com,무교
991,최서준,여,157.9,56,B형,1948-08-24,yahoo.com,무교
992,권성정,남,166.4,64.4,B형,1982-11-07,naver.com,무교
993,이성종,여,160.8,50.7,O형,1956-12-23,daum.net,기독교
994,박은용,여,159,55.6,B형,1972-03-23,gmail.com,무교
995,김상현,남,161,71.6,O형,1962-06-03,yahoo.com,기독교
996,안상택,남,165,68.6,A형,1953-01-28,naver.com,무교
997,임종우,남,168.5,68.7,A형,1989-10-06,naver.com,기독교
998,김준훈,여,151.8,59.3,B형,1950-01-22,naver.com,무교
999,소진우,남,166.7,57.8,B형,1985-10-21,daum.net,무교
1000,유택지,남,174.9,55.8,O형,1977-01-10,naver.com,무교
